Postsynaptic_ID	c_i
720575940602553568	1.0000
720575940602564320	0.3538
720575940602605536	0.5588
720575940602815200	0.3824
720575940603050668	1.0000
720575940603084972	0.5000
720575940603111392	0.3519
720575940603174368	0.2857
720575940603317216	0.6094
720575940603520172	0.0000
720575940603642982	0.6481
720575940603673120	0.9104
720575940603674656	0.4844
720575940603687084	1.0000
720575940603688224	0.4762
720575940603719712	0.4211
720575940603721248	0.1429
720575940603747616	0.4062
720575940603751782	0.1757
720575940603773798	1.0000
720575940603882720	0.3093
720575940603883232	0.3678
720575940603984486	0.2581
720575940603988838	0.1429
720575940604008672	0.6923
720575940604050110	0.6234
720575940604093984	0.2128
720575940604103200	0.4474
720575940604126129	0.5256
720575940604131296	0.1489
720575940604132710	0.5591
720575940604168224	0.6471
720575940604182374	1.0000
720575940604304561	0.0000
720575940604318129	0.3667
720575940604319078	0.5909
720575940604402092	0.3367
720575940604466912	0.3627
720575940604478176	0.2353
720575940604483040	0.7778
720575940604489649	0.0000
720575940604493024	0.4336
720575940604500448	0.6081
720575940604509374	0.4340
720575940604550590	0.6444
720575940604557792	0.5464
720575940604576689	0.8310
720575940604620512	0.4714
720575940604626912	0.9167
720575940604630240	0.2045
720575940604630496	0.1087
720575940604766153	0.7714
720575940604770249	0.4324
720575940604806345	0.7347
720575940604824236	0.4062
720575940604833196	0.6667
720575940604860332	0.8088
720575940604873132	0.0625
720575940604884396	0.7903
720575940604908972	0.0000
720575940604924606	0.5422
720575940604934572	0.3239
720575940604935340	0.1795
720575940604961126	0.0000
720575940604961894	0.5753
720575940604962918	0.0147
720575940604963686	0.1667
720575940604963942	0.4333
720575940604978534	0.3699
720575940604985888	0.0000
720575940604991264	0.4878
720575940604997152	0.5842
720575940604999526	0.6125
720575940605000550	0.8125
720575940605018726	0.0000
720575940605029250	0.5484
720575940605036418	0.2927
720575940605060798	0.2521
720575940605083838	0.4272
720575940605167025	0.5833
720575940605171121	0.4462
720575940605180337	0.2981
720575940605180849	0.4419
720575940605184102	0.4386
720575940605196465	0.8986
720575940605197745	0.6979
720575940605236866	0.4578
720575940605246850	0.2586
720575940605252041	0.3000
720575940605290441	0.2419
720575940605312945	0.4932
720575940605338290	0.4559
720575940605362610	0.4023
720575940605407846	0.2903
720575940605412738	0.0000
720575940605421670	0.7727
720575940605431840	0.0105
720575940605436262	1.0000
720575940605441312	0.1765
720575940605449929	0.2500
720575940605451552	0.5246
720575940605452064	0.5000
720575940605488416	0.6593
720575940605491302	0.6471
720575940605507249	0.6324
720575940605528422	0.8081
720575940605541920	0.7671
720575940605544370	0.9692
720575940605550950	1.0000
720575940605551038	0.6122
720575940605551718	0.8148
720575940605552742	0.2917
720575940605557438	0.8235
720575940605559986	0.0270
720575940605565886	0.2333
720575940605597216	0.6304
720575940605606274	0.4747
720575940605619744	0.3711
720575940605620670	0.8485
720575940605620926	0.2500
720575940605621024	0.4414
720575940605625376	0.5050
720575940605627057	0.8784
720575940605664446	0.5833
720575940605664702	0.1517
720575940605705650	0.4348
720575940605792434	0.7143
720575940605817522	0.5714
720575940605841074	0.5133
720575940605934001	0.6562
720575940605985202	0.6825
720575940605995209	0.0000
720575940605997257	0.4407
720575940605997513	0.8286
720575940606009801	0.2615
720575940606123698	0.2812
720575940606195657	0.4769
720575940606201278	0.6786
720575940606331996	0.4412
720575940606335106	0.6543
720575940606341250	0.6286
720575940606347394	0.2143
720575940606399068	0.4961
720575940606433713	0.9444
720575940606452681	0.7273
720575940606454108	0.1692
720575940606477660	0.3065
720575940606483467	0.3222
720575940606483723	0.7160
720575940606496011	0.4839
720575940606549961	0.3626
720575940606602674	0.8372
720575940606621362	0.3761
720575940606662322	0.8132
720575940606663625	0.6180
720575940606667977	0.8500
720575940606675804	0.5733
720575940606680706	1.0000
720575940606687499	0.6990
720575940606694748	0.0000
720575940606700043	0.7353
720575940606715337	0.5683
720575940606725131	0.6769
720575940606729858	0.2588
720575940606730076	0.5882
720575940606745289	0.6462
720575940606747593	0.5821
720575940606773705	0.4068
720575940606783362	0.0000
720575940606796722	0.7468
720575940606850434	0.2963
720575940606853250	0.4588
720575940606864341	0.8205
720575940606890370	0.3800
720575940606891221	0.3256
720575940606892162	0.1685
720575940606892674	0.0000
720575940606893186	0.7717
720575940606902741	0.6610
720575940606909195	0.5075
720575940606910850	0.4430
720575940606940425	0.3684
720575940606941397	0.2143
720575940606947714	0.2063
720575940606947970	0.0652
720575940606948188	0.7632
720575940606954114	0.3750
720575940606954507	0.7143
720575940606954763	0.1429
720575940606963586	0.4537
720575940606967682	0.0000
720575940606967730	0.4530
720575940606968450	0.5735
720575940606968962	0.4592
720575940607010825	0.7500
720575940607030281	0.6200
720575940607038386	0.0000
720575940607146162	0.0000
720575940607154955	0.0000
720575940607168779	0.0000
720575940607177739	0.4762
720575940607177906	0.3012
720575940607180722	0.2653
720575940607185074	0.1386
720575940607280306	0.4531
720575940607280818	0.0000
720575940607291659	0.5243
720575940607310531	0.6429
720575940607330499	0.5000
720575940607337155	0.4066
720575940607337923	0.4343
720575940607351747	0.8295
720575940607352003	0.8500
720575940607674563	0.2558
720575940607685571	0.9057
720575940607698627	0.0500
720575940607715420	0.6329
720575940607721923	0.4348
720575940607722179	0.9844
720575940607763467	0.4419
720575940607792139	0.4556
720575940607793675	0.4861
720575940607804939	0.4545
720575940607809547	0.3457
720575940607828233	0.6282
720575940607900867	0.3710
720575940607930716	0.6216
720575940607971908	0.8214
720575940607978820	0.3729
720575940607981636	0.7473
720575940607983369	0.0000
720575940607984651	0.1038
720575940607993668	0.4516
720575940608015627	0.0000
720575940608145877	0.3596
720575940608148693	0.3939
720575940608152021	0.7627
720575940608158300	0.4157
720575940608158677	0.7447
720575940608177988	0.6000
720575940608184156	0.1304
720575940608192860	0.6000
720575940608211268	0.6970
720575940608277852	0.4130
720575940608281180	0.7273
720575940608286556	1.0000
720575940608313301	0.0800
720575940608328713	0.4545
720575940608344331	0.4848
720575940608345867	0.3889
720575940608363844	0.4043
720575940608383243	0.5826
720575940608386315	0.2584
720575940608393739	0.4468
720575940608399115	0.0000
720575940608407049	0.1183
720575940608407305	0.1471
720575940608428555	0.1667
720575940608433476	0.5500
720575940608437769	0.3000
720575940608447241	1.0000
720575940608448523	0.2449
720575940608452617	0.2676
720575940608456715	0.3537
720575940608471563	0.2697
720575940608496835	0.5373
720575940608505795	0.2632
720575940608517385	0.7429
720575940608524483	0.2500
720575940608525763	0.0980
720575940608527150	0.1538
720575940608527299	0.6220
720575940608530955	0.4239
720575940608532675	0.1596
720575940608535747	0.3250
720575940608535819	0.0000
720575940608537027	0.6190
720575940608544011	0.1053
720575940608550409	0.6154
720575940608564233	0.4020
720575940608571145	0.2326
720575940608621614	0.1667
720575940608633045	1.0000
720575940608633134	0.4945
720575940608644654	0.1351
720575940608655918	0.1111
720575940608657621	0.1667
720575940608662485	0.3585
720575940608662574	0.3302
720575940608663765	0.6992
720575940608682453	1.0000
720575940608708875	0.1594
720575940608767957	0.8235
720575940608768213	0.0000
720575940608772821	0.2121
720575940608774776	0.7018
720575940608801749	0.4091
720575940608806776	0.4938
720575940608810709	0.4324
720575940608820600	0.3800
720575940608823509	0.3696
720575940608997571	0.7661
720575940609006200	1.0000
720575940609006712	0.6118
720575940609066030	0.2143
720575940609097058	0.4483
720575940609104579	0.9524
720575940609132642	1.0000
720575940609133102	0.2353
720575940609143672	0.2609
720575940609149394	0.3014
720575940609153746	0.3562
720575940609163986	0.0000
720575940609171576	0.3824
720575940609179331	0.0278
720575940609184210	0.4211
720575940609190866	0.5443
720575940609200708	0.6596
720575940609202244	0.8378
720575940609203268	0.6712
720575940609208530	0.4444
720575940609220291	0.5625
720575940609226702	0.6905
720575940609271854	0.3143
720575940609318446	0.3750
720575940609347448	0.1154
720575940609378424	0.8429
720575940609399506	0.0741
720575940609405646	0.8554
720575940609533538	0.0000
720575940609573842	0.3676
720575940609651554	0.1562
720575940609684946	0.3636
720575940609694818	0.2048
720575940609708100	0.1392
720575940609747780	0.5213
720575940609768290	0.0484
720575940609781966	0.2328
720575940609836898	0.2326
720575940609871253	0.1154
720575940609873358	0.5714
720575940609921230	0.4000
720575940609935310	0.5161
720575940609940373	0.4262
720575940609941653	0.7708
720575940609944526	0.2778
720575940609950869	1.0000
720575940609963248	0.3511
720575940609970801	0.4667
720575940609979505	0.7273
720575940609999217	0.5422
720575940610012024	0.8000
720575940610029432	0.7941
720575940610101210	0.4766
720575940610137050	0.5789
720575940610140378	0.5000
720575940610142869	0.2143
720575940610147826	0.3500
720575940610159480	0.7857
720575940610167987	0.4545
720575940610175218	0.6533
720575940610191795	0.3036
720575940610206387	0.2500
720575940610210034	0.7917
720575940610214769	0.6842
720575940610218360	0.7216
720575940610238361	0.6444
720575940610307374	0.4348
720575940610308757	0.5789
720575940610323674	0.4157
720575940610336610	0.4868
720575940610347929	1.0000
720575940610358501	0.1646
720575940610359650	0.2680
720575940610375726	0.6935
720575940610378865	1.0000
720575940610380498	0.0577
720575940610386661	0.2623
720575940610391854	0.0000
720575940610393842	0.3196
720575940610395438	0.2564
720575940610406776	0.2941
720575940610410609	0.0698
720575940610470130	0.8148
720575940610476506	0.5000
720575940610505426	1.0000
720575940610505621	0.6833
720575940610529656	0.4643
720575940610535890	0.5692
720575940610543257	0.3793
720575940610562713	0.3462
720575940610585011	1.0000
720575940610609075	0.5195
720575940610614757	0.5094
720575940610617317	0.3178
720575940610617753	0.6196
720575940610618341	0.2553
720575940610631544	0.3387
720575940610637235	0.6780
720575940610649464	0.3833
720575940610658674	1.0000
720575940610669786	0.5652
720575940610676403	0.3889
720575940610690162	0.5161
720575940610691507	0.4634
720575940610710130	0.8250
720575940610739930	0.7500
720575940610743282	0.5641
720575940610751129	0.0000
720575940610773171	0.0000
720575940610773714	0.8333
720575940610774451	0.6023
720575940610784179	0.7692
720575940610793395	0.2444
720575940610812258	0.2903
720575940610823010	0.0000
720575940610823141	0.7500
720575940610833250	0.1786
720575940610841074	0.2800
720575940610846818	0.5922
720575940610847842	0.7027
720575940610849742	0.6129
720575940610856874	0.1562
720575940610862506	0.4074
720575940610885330	0.6066
720575940610886610	0.2344
720575940610901234	0.3095
720575940610906521	0.1739
720575940610907490	0.5085
720575940610921642	1.0000
720575940610929778	1.0000
720575940610942066	0.0000
720575940610943897	0.5281
720575940610944022	0.6429
720575940610945558	0.6500
720575940610946070	0.6290
720575940610946730	0.3176
720575940610951577	0.0962
720575940610952089	0.0000
720575940610960994	0.3471
720575940610963734	0.6377
720575940610990821	0.3056
720575940611001061	0.1111
720575940611013785	0.9916
720575940611035365	0.4516
720575940611052517	0.1967
720575940611053029	0.0000
720575940611059609	0.9167
720575940611098517	0.3636
720575940611102578	0.0816
720575940611104229	0.4595
720575940611111061	0.3333
720575940611111317	0.5224
720575940611111829	0.4458
720575940611113109	0.1043
720575940611129571	0.7442
720575940611196110	0.0000
720575940611204323	0.2222
720575940611208817	0.6471
720575940611210865	0.3299
720575940611229297	0.7922
720575940611263090	0.0610
720575940611284174	0.4016
720575940611285454	0.0000
720575940611286990	1.0000
720575940611327254	0.5333
720575940611330070	0.4231
720575940611343054	0.4722
720575940611343218	1.0000
720575940611350234	0.3469
720575940611358926	0.7576
720575940611370610	0.1125
720575940611390742	1.0000
720575940611394019	0.5417
720575940611400050	0.4222
720575940611424882	0.3333
720575940611450134	0.5000
720575940611453107	0.7333
720575940611454833	0.1978
720575940611471090	0.3125
720575940611473587	0.7434
720575940611489010	0.4040
720575940611532949	0.2679
720575940611548821	0.1089
720575940611569301	0.3939
720575940611578074	0.4648
720575940611579541	0.5926
720575940611586453	0.5970
720575940611591829	0.4667
720575940611592154	0.4179
720575940611597795	0.3708
720575940611611285	0.4878
720575940611611378	1.0000
720575940611612387	0.5333
720575940611615986	0.3974
720575940611644825	0.5955
720575940611652374	0.1429
720575940611657881	0.3696
720575940611660714	0.6739
720575940611661541	0.7246
720575940611664281	0.3433
720575940611669145	0.2632
720575940611669674	0.0108
720575940611685273	0.4823
720575940611686629	0.5645
720575940611686809	0.2880
720575940611694565	0.2295
720575940611696042	0.3231
720575940611697066	0.5000
720575940611702165	0.5422
720575940611704813	0.0169
720575940611724437	0.5172
720575940611728563	1.0000
720575940611733997	0.2907
720575940611748594	0.2672
720575940611760021	0.8736
720575940611769059	0.3571
720575940611771029	1.0000
720575940611802330	0.5224
720575940611803490	0.0000
720575940611810531	0.7975
720575940611812835	0.5526
720575940611837041	0.3438
720575940611837809	0.6111
720575940611855729	0.1346
720575940611873242	0.0896
720575940611902577	0.4727
720575940611903601	0.4257
720575940611936474	0.4217
720575940611943976	0.2857
720575940611946482	0.4444
720575940611954801	0.7059
720575940611960872	0.3846
720575940611983322	0.5103
720575940611985448	0.4500
720575940611987240	0.4225
720575940611988008	0.6600
720575940611996591	1.0000
720575940612008818	0.5443
720575940612009074	1.0000
720575940612009903	0.5189
720575940612019570	0.8421
720575940612031411	0.1304
720575940612067034	0.0641
720575940612072685	0.4211
720575940612079853	0.6042
720575940612091601	0.1649
720575940612099053	0.4135
720575940612099309	0.2576
720575940612104627	0.5000
720575940612111346	0.4045
720575940612151538	0.6463
720575940612169709	0.6111
720575940612178418	0.0000
720575940612190693	0.2131
720575940612194983	0.3167
720575940612196589	0.7342
720575940612231282	0.5495
720575940612240918	0.2128
720575940612266213	0.2222
720575940612287283	0.4923
720575940612337203	0.5773
720575940612339370	0.7143
720575940612344293	0.5146
720575940612352423	0.0000
720575940612356904	0.5349
720575940612362663	1.0000
720575940612372650	0.5556
720575940612384665	0.3220
720575940612421290	0.6078
720575940612429994	0.4000
720575940612432602	0.0000
720575940612435198	0.0000
720575940612435454	1.0000
720575940612436264	0.3636
720575940612450730	0.4937
720575940612453603	0.1765
720575940612458211	0.7363
720575940612473128	0.8630
720575940612490723	0.5652
720575940612563454	0.4725
720575940612572670	0.3846
720575940612575230	0.8913
720575940612576254	1.0000
720575940612587286	0.7600
720575940612590102	0.1667
720575940612590503	0.4800
720575940612590754	0.3261
720575940612602163	0.5942
720575940612606673	0.2083
720575940612607953	0.0309
720575940612613551	1.0000
720575940612626966	0.1765
720575940612647282	0.2043
720575940612650792	0.6667
720575940612661782	0.3492
720575940612664482	0.2113
720575940612668018	0.3137
720575940612668834	0.7778
720575940612680818	0.3235
720575940612686358	0.6901
720575940612690338	0.2667
720575940612692672	0.6591
720575940612706706	0.2267
720575940612714671	0.1341
720575940612717202	0.3529
720575940612723409	0.0000
720575940612725906	0.3208
720575940612728466	0.5075
720575940612729714	0.3830
720575940612737233	0.5333
720575940612740466	0.8868
720575940612740886	0.7907
720575940612743958	0.0000
720575940612747158	0.1667
720575940612754582	0.3333
720575940612758934	0.1053
720575940612763542	1.0000
720575940612765846	0.3977
720575940612766102	0.4667
720575940612770418	0.5600
720575940612778646	0.4583
720575940612789219	0.3478
720575940612796786	0.0000
720575940612797480	0.2857
720575940612812914	0.5286
720575940612817583	0.3173
720575940612829863	0.3425
720575940612846962	0.5938
720575940612853354	0.3500
720575940612870381	0.3458
720575940612872173	0.0000
720575940612879341	0.6622
720575940612879853	0.3043
720575940612896106	0.2892
720575940612910486	0.2020
720575940612918930	0.5714
720575940612924054	0.2568
720575940612924522	0.2991
720575940612930710	0.2527
720575940612961686	0.2895
720575940612972455	0.8333
720575940613017059	0.4583
720575940613023911	0.4600
720575940613041123	1.0000
720575940613042403	0.2059
720575940613049315	0.7604
720575940613071587	0.1837
720575940613113238	0.3109
720575940613119459	0.0714
720575940613141987	0.6133
720575940613152938	0.0000
720575940613156067	0.4722
720575940613188319	0.3441
720575940613197608	0.0917
720575940613200918	0.3226
720575940613213151	0.2353
720575940613218344	0.7324
720575940613224446	0.6591
720575940613237758	0.2222
720575940613248479	0.6136
720575940613257664	0.1882
720575940613258975	0.7727
720575940613272799	0.6769
720575940613284063	0.8158
720575940613301410	0.3830
720575940613315309	0.5745
720575940613317738	0.3000
720575940613337640	0.3077
720575940613348246	0.6364
720575940613353538	1.0000
720575940613358658	1.0000
720575940613359266	0.8000
720575940613364461	0.5556
720575940613383633	0.8605
720575940613386050	0.5094
720575940613400785	0.6804
720575940613403458	0.0968
720575940613407981	0.3282
720575940613421890	0.4789
720575940613434178	0.3676
720575940613434530	0.5366
720575940613442154	0.5196
720575940613452525	0.5147
720575940613460034	0.0000
720575940613478422	0.2105
720575940613501855	0.1852
720575940613507946	0.0000
720575940613532831	0.1327
720575940613532979	0.0217
720575940613540767	0.3607
720575940613563187	0.6000
720575940613593503	0.3696
720575940613622312	0.7000
720575940613681458	0.4824
720575940613690031	0.1395
720575940613713704	0.1915
720575940613727399	0.3333
720575940613729576	0.0000
720575940613735948	0.6667
720575940613737647	0.7143
720575940613738415	0.3913
720575940613741864	0.0000
720575940613743023	0.5098
720575940613752999	0.5670
720575940613764364	0.8219
720575940613773566	0.5854
720575940613774334	0.5667
720575940613776179	0.0000
720575940613776543	0.6207
720575940613782796	0.5000
720575940613783106	0.6341
720575940613784386	0.7403
720575940613793602	0.4737
720575940613796527	0.6105
720575940613797295	0.3000
720575940613799436	0.4717
720575940613859838	0.5632
720575940613863330	0.6129
720575940613864498	0.5316
720575940613867682	0.2639
720575940613876447	0.3662
720575940613897890	0.1134
720575940613909555	0.4310
720575940613920159	0.4933
720575940613929670	0.0000
720575940613939090	0.1848
720575940613941042	0.9894
720575940613954769	0.0000
720575940613961403	0.5306
720575940613975455	0.6075
720575940613977041	0.7273
720575940613978892	1.0000
720575940613987635	0.3667
720575940613987730	0.7761
720575940614008785	0.0000
720575940614010419	0.6395
720575940614027059	0.2069
720575940614027074	0.3095
720575940614033932	0.2603
720575940614036019	0.6491
720575940614037811	0.7917
720575940614109506	0.6494
720575940614115515	0.8140
720575940614121147	0.4615
720575940614130482	0.6264
720575940614131131	0.5294
720575940614132667	0.3898
720575940614143942	0.1136
720575940614148283	0.9655
720575940614176927	0.4231
720575940614180714	0.0000
720575940614183218	0.6116
720575940614183786	0.6111
720575940614184204	0.5303
720575940614186602	0.7474
720575940614199914	0.8800
720575940614200426	0.3964
720575940614203916	0.7727
720575940614207850	0.5000
720575940614218346	0.4918
720575940614219370	0.1910
720575940614224490	0.3600
720575940614229159	0.5000
720575940614229415	0.4583
720575940614229758	0.2000
720575940614240766	0.5263
720575940614248446	0.2213
720575940614251670	0.1667
720575940614252967	0.5063
720575940614263719	0.0000
720575940614281214	0.0000
720575940614282238	0.5132
720575940614283006	0.8276
720575940614285254	0.6000
720575940614304012	0.0000
720575940614306814	0.4737
720575940614308002	0.0000
720575940614308146	0.0385
720575940614308775	0.4286
720575940614311079	0.2667
720575940614313890	0.6780
720575940614313996	0.0000
720575940614318482	0.5227
720575940614326439	0.3000
720575940614327202	0.7143
720575940614348394	0.5522
720575940614354619	0.1972
720575940614371986	0.5164
720575940614386738	0.2079
720575940614393250	0.3723
720575940614404288	0.2714
720575940614412946	0.3793
720575940614416018	0.8070
720575940614418118	0.0000
720575940614428722	0.6735
720575940614447922	0.1642
720575940614484626	0.7045
720575940614486322	0.5167
720575940614486690	0.7755
720575940614490018	0.3721
720575940614495093	0.6829
720575940614495138	0.5000
720575940614498060	0.2308
720575940614502128	0.5897
720575940614522043	0.0000
720575940614523871	1.0000
720575940614524127	0.5056
720575940614533226	0.2778
720575940614534367	0.4667
720575940614544034	0.2727
720575940614549650	0.5357
720575940614549906	0.7121
720575940614551954	0.5833
720575940614586418	0.2976
720575940614605458	0.1750
720575940614606738	0.3196
720575940614614203	0.0000
720575940614625211	0.3846
720575940614635666	0.3277
720575940614652818	0.6032
720575940614667926	0.2615
720575940614674282	0.5041
720575940614678834	0.4524
720575940614714518	0.0755
720575940614742687	0.0323
720575940614744991	0.4932
720575940614749883	0.4783
720575940614755478	0.3211
720575940614761026	0.0685
720575940614768278	0.3976
720575940614769567	0.5000
720575940614770847	0.0000
720575940614772383	0.5800
720575940614777247	0.7727
720575940614778454	0.3396
720575940614781546	0.4051
720575940614783042	0.1625
720575940614784918	0.5670
720575940614785130	0.5000
720575940614793026	0.5443
720575940614796354	0.2535
720575940614803286	0.4000
720575940614811222	0.8539
720575940614816598	0.3485
720575940614822506	0.0000
720575940614822742	0.0217
720575940614824095	0.1585
720575940614825026	0.5789
720575940614825622	0.1585
720575940614845802	0.2254
720575940614854294	0.0000
720575940614861941	0.7826
720575940614861974	0.5385
720575940614862230	0.3750
720575940614869387	0.6957
720575940614871402	0.0000
720575940614887830	0.2203
720575940614888854	1.0000
720575940614890902	0.6000
720575940614893930	0.1230
720575940614899061	0.8000
720575940614899851	0.8675
720575940614900886	0.1500
720575940614902667	0.5000
720575940614909579	0.4565
720575940614925963	0.3182
720575940614969055	0.4754
720575940614981087	0.3400
720575940614983274	0.4000
720575940614984927	0.4500
720575940615019231	0.6634
720575940615066335	0.5714
720575940615068383	0.5306
720575940615072373	0.8846
720575940615090444	0.6042
720575940615094284	0.4775
720575940615101452	0.7308
720575940615101708	0.4463
720575940615113867	0.4865
720575940615125307	0.5211
720575940615125877	0.4458
720575940615133894	0.0000
720575940615134918	0.4773
720575940615136059	0.5000
720575940615147788	0.6818
720575940615153094	0.5417
720575940615193100	0.6125
720575940615219778	0.4286
720575940615228502	0.4528
720575940615237170	0.5854
720575940615243020	0.3210
720575940615244082	0.0000
720575940615252786	0.3043
720575940615255090	0.7895
720575940615257942	0.1538
720575940615262786	0.3857
720575940615263903	0.3455
720575940615270559	0.0000
720575940615270962	0.7424
720575940615274838	0.4231
720575940615281291	0.6905
720575940615283618	0.6000
720575940615289759	0.0000
720575940615320076	0.4128
720575940615323990	0.3421
720575940615332418	0.0000
720575940615344315	0.5493
720575940615345339	0.3448
720575940615346363	0.5545
720575940615356347	0.5395
720575940615358038	0.3881
720575940615373398	1.0000
720575940615386324	0.0000
720575940615395414	1.0000
720575940615401433	0.8871
720575940615405378	0.1714
720575940615409625	0.7250
720575940615447764	0.1538
720575940615456985	0.8571
720575940615465433	0.5070
720575940615481489	0.3158
720575940615507641	0.1379
720575940615520086	0.3214
720575940615527995	0.8125
720575940615528251	0.4118
720575940615539385	0.2821
720575940615569723	0.5000
720575940615571601	0.4571
720575940615577542	0.4531
720575940615604363	0.0119
720575940615638540	0.6146
720575940615647244	0.3600
720575940615651014	0.5556
720575940615696070	0.6163
720575940615713292	0.0000
720575940615714060	0.3462
720575940615717009	0.2152
720575940615728102	0.4211
720575940615737531	0.0000
720575940615754613	0.7500
720575940615755921	0.0000
720575940615764422	0.6875
720575940615768693	0.5862
720575940615780353	0.1429
720575940615783837	0.0000
720575940615785228	0.1852
720575940615798540	0.4400
720575940615800076	0.0000
720575940615816754	0.2609
720575940615838662	0.8305
720575940615839174	0.3488
720575940615839581	0.6832
720575940615846237	0.7083
720575940615847005	0.4881
720575940615858644	0.4746
720575940615859385	0.5917
720575940615868102	0.3333
720575940615876294	0.5462
720575940615885661	0.5211
720575940615892966	0.1897
720575940615894173	0.2500
720575940615895858	0.5215
720575940615896989	0.7470
720575940615897245	0.0222
720575940615897501	0.6481
720575940615901597	0.3158
720575940615903121	0.1212
720575940615907997	0.4386
720575940615914982	0.9020
720575940615927197	0.3826
720575940615931293	0.2268
720575940615957433	0.7895
720575940615959252	0.7788
720575940615961684	0.3077
720575940615962043	0.2683
720575940615964884	0.7000
720575940615974493	0.6765
720575940615975227	0.6207
720575940615978802	0.4275
720575940615980338	0.2055
720575940615980850	0.8519
720575940616008309	0.0000
720575940616009729	0.4524
720575940616023225	0.6667
720575940616028390	0.0000
720575940616041913	0.8000
720575940616044850	0.3529
720575940616052625	0.2299
720575940616068539	0.2150
720575940616072665	0.5727
720575940616087323	0.4576
720575940616089995	0.5000
720575940616092603	0.6697
720575940616095517	0.6571
720575940616097163	0.5306
720575940616105302	0.2857
720575940616109398	0.4889
720575940616110363	0.6067
720575940616121501	0.3441
720575940616128669	0.0000
720575940616134630	0.7273
720575940616139606	0.5915
720575940616162373	0.4651
720575940616187649	0.7656
720575940616189509	0.4211
720575940616208965	0.1667
720575940616222438	0.7692
720575940616229410	0.7879
720575940616235810	0.4179
720575940616245365	0.8462
720575940616260825	0.3143
720575940616264148	0.0000
720575940616270453	0.7162
720575940616284955	1.0000
720575940616295069	0.0000
720575940616306210	0.0000
720575940616308597	0.1771
720575940616309563	0.4118
720575940616343611	0.1429
720575940616345403	0.1143
720575940616347916	0.0000
720575940616349755	0.5857
720575940616350011	0.6379
720575940616358459	0.4356
720575940616358715	0.7432
720575940616368245	0.4118
720575940616402260	0.1600
720575940616417364	0.3611
720575940616426869	0.3667
720575940616428917	0.3968
720575940616434772	0.4507
720575940616438085	0.7963
720575940616440098	0.2973
720575940616474395	0.6176
720575940616475717	0.7456
720575940616490326	0.5882
720575940616502017	0.2500
720575940616539419	0.1471
720575940616547648	0.3191
720575940616547904	0.4310
720575940616569227	0.3780
720575940616578390	0.7262
720575940616578646	0.2143
720575940616580182	0.9634
720575940616588374	0.4091
720575940616588683	0.3871
720575940616589142	0.4028
720575940616589888	0.2041
720575940616598555	0.8987
720575940616616075	0.2667
720575940616627851	0.4048
720575940616646873	0.6818
720575940616647990	0.1618
720575940616649433	0.4800
720575940616650201	0.7000
720575940616654166	0.1203
720575940616663769	0.5867
720575940616672822	0.2157
720575940616673497	0.9467
720575940616675638	0.4048
720575940616677661	0.0000
720575940616701657	1.0000
720575940616702262	0.5361
720575940616707421	0.2981
720575940616707668	0.6500
720575940616711254	0.7556
720575940616711510	0.4483
720575940616723549	0.7071
720575940616746123	0.2941
720575940616746891	0.6582
720575940616748827	0.5714
720575940616781241	0.8194
720575940616786065	0.6184
720575940616786833	0.8533
720575940616788409	0.5802
720575940616790713	0.3279
720575940616798784	0.1026
720575940616804753	0.4023
720575940616813457	0.8866
720575940616821393	0.0435
720575940616826001	0.6100
720575940616836421	0.4000
720575940616848192	1.0000
720575940616852763	0.0930
720575940616859259	0.3590
720575940616878238	0.5676
720575940616887611	0.0980
720575940616887966	0.2537
720575940616902374	0.4412
720575940616902630	0.6559
720575940616910310	0.3750
720575940616910822	0.1837
720575940616911262	0.3953
720575940616913822	0.9219
720575940616915686	0.5556
720575940616924902	0.0000
720575940616929766	0.8000
720575940616930629	0.7000
720575940616955229	0.0000
720575940616964766	0.7231
720575940617010240	1.0000
720575940617010900	0.0000
720575940617021441	0.1842
720575940617024769	1.0000
720575940617026305	0.4100
720575940617034753	0.5000
720575940617035521	0.4273
720575940617036352	0.3333
720575940617036729	1.0000
720575940617038337	0.8537
720575940617038849	1.0000
720575940617043713	0.3235
720575940617071321	0.2714
720575940617077405	0.6571
720575940617079257	0.6702
720575940617090082	0.1183
720575940617093533	0.5000
720575940617112123	0.5942
720575940617118016	0.4815
720575940617137881	1.0000
720575940617165661	0.2000
720575940617166749	0.6494
720575940617168345	0.3684
720575940617172573	0.5833
720575940617174365	0.1505
720575940617176413	0.5410
720575940617178717	0.3239
720575940617201113	0.3651
720575940617221403	1.0000
720575940617225083	0.2687
720575940617228315	0.4569
720575940617238457	0.6071
720575940617249108	0.5224
720575940617249364	0.6774
720575940617249629	0.5614
720575940617266833	0.0000
720575940617293201	1.0000
720575940617293396	0.4051
720575940617313846	0.2717
720575940617317305	0.2048
720575940617321243	0.7895
720575940617324433	0.6593
720575940617328477	0.4206
720575940617334228	0.5447
720575940617334430	0.7835
720575940617341597	0.6220
720575940617351057	0.0111
720575940617363156	0.4886
720575940617365021	0.3200
720575940617366969	0.2118
720575940617368532	0.2308
720575940617369017	0.3077
720575940617370324	0.6618
720575940617370909	0.3647
720575940617372957	0.7204
720575940617374262	0.5155
720575940617376980	0.0000
720575940617380241	0.8551
720575940617386708	0.7419
720575940617390036	0.5795
720575940617395412	0.2000
720575940617410705	0.0204
720575940617411451	0.5075
720575940617427713	0.0702
720575940617436305	0.5897
720575940617438865	0.1880
720575940617444219	0.8125
720575940617452689	0.5455
720575940617453457	0.2885
720575940617456614	0.3220
720575940617456798	0.4684
720575940617473051	0.8361
720575940617473748	0.3978
720575940617474629	0.1720
720575940617478961	0.5256
720575940617480934	0.0000
720575940617485083	0.6154
720575940617492805	0.4125
720575940617493222	0.4304
720575940617497925	1.0000
720575940617514726	0.2059
720575940617516760	0.3404
720575940617529318	0.6301
720575940617534235	0.6633
720575940617534438	0.3519
720575940617540838	0.1944
720575940617567390	0.5362
720575940617598182	0.4773
720575940617605154	0.8553
720575940617612578	0.9884
720575940617615846	0.2840
720575940617623632	0.5568
720575940617628962	0.3333
720575940617648507	0.7619
720575940617649969	0.4615
720575940617650481	1.0000
720575940617650722	0.1875
720575940617677784	0.5604
720575940617687330	0.0000
720575940617692962	0.6822
720575940617696769	0.6974
720575940617708491	0.3585
720575940617708747	0.4677
720575940617713206	0.1875
720575940617717917	0.4133
720575940617727435	0.8594
720575940617734603	0.7590
720575940617756450	0.6143
720575940617766228	0.5152
720575940617769217	0.1918
720575940617771421	0.2778
720575940617792596	0.4565
720575940617795073	0.3143
720575940617807517	0.5294
720575940617811540	0.4286
720575940617814429	0.8667
720575940617820929	0.0000
720575940617825344	0.5766
720575940617834560	0.2381
720575940617845076	0.6762
720575940617849920	0.0000
720575940617853524	0.7129
720575940617854036	1.0000
720575940617855133	0.5730
720575940617856340	0.0000
720575940617857053	0.6087
720575940617865117	0.7303
720575940617865280	0.7018
720575940617866048	0.6818
720575940617871680	0.4941
720575940617873728	0.3239
720575940617873984	0.8537
720575940617874205	0.5702
720575940617876048	0.0000
720575940617876288	0.6923
720575940617877720	0.6154
720575940617878080	0.4355
720575940617893461	0.7500
720575940617902676	0.1667
720575940617908820	0.2346
720575940617911104	0.1379
720575940617911360	0.2689
720575940617922870	0.0000
720575940617924432	0.5213
720575940617926198	0.3086
720575940617937181	0.2500
720575940617937437	0.2500
720575940617940048	0.5000
720575940617940304	0.8333
720575940617941046	0.3614
720575940617942326	0.1842
720575940617954075	0.2208
720575940617957915	0.6667
720575940617957937	0.5714
720575940617959729	0.0488
720575940617963480	0.0286
720575940617972253	0.1613
720575940617973021	0.2857
720575940617982800	0.5172
720575940617989076	0.6000
720575940618015773	0.7308
720575940618021147	0.3623
720575940618036509	0.0000
720575940618036765	0.0000
720575940618075733	0.3000
720575940618106437	0.2672
720575940618110021	0.1186
720575940618112459	0.3857
720575940618125893	0.1809
720575940618131505	0.5345
720575940618132184	0.3125
720575940618133072	0.3000
720575940618148406	0.6552
720575940618150736	0.2973
720575940618158160	0.3976
720575940618181445	0.0000
720575940618182535	0.7931
720575940618182981	0.5385
720575940618183559	0.0667
720575940618184839	0.3978
720575940618185296	0.0143
720575940618190160	0.0000
720575940618190238	0.1875
720575940618194708	0.6118
720575940618198721	0.1528
720575940618201620	0.2500
720575940618203783	0.4792
720575940618210251	0.2375
720575940618211742	0.7000
720575940618223518	0.1461
720575940618224709	0.3171
720575940618225566	0.4066
720575940618226085	0.3478
720575940618226245	0.5000
720575940618245569	0.1967
720575940618258742	0.4959
720575940618266235	0.1500
720575940618266491	0.6267
720575940618266747	0.7333
720575940618266900	0.3800
720575940618277681	0.0000
720575940618292785	1.0000
720575940618292939	0.7463
720575940618293589	0.0000
720575940618294853	0.3951
720575940618299712	0.0000
720575940618306112	1.0000
720575940618306718	0.6148
720575940618326292	0.2143
720575940618334145	0.2258
720575940618337300	1.0000
720575940618337985	0.7308
720575940618339777	0.2840
720575940618349703	0.4691
720575940618353186	0.4545
720575940618359745	0.4059
720575940618371777	0.1515
720575940618376327	0.5179
720575940618379723	0.5714
720575940618394453	0.5714
720575940618396399	0.6716
720575940618407589	0.7377
720575940618418085	0.3913
720575940618419776	1.0000
720575940618422592	0.3429
720575940618425246	0.7027
720575940618427712	0.5758
720575940618436672	0.2787
720575940618464379	0.5833
720575940618470383	0.2581
720575940618473808	0.4762
720575940618492224	0.5417
720575940618497216	0.5694
720575940618506155	0.2955
720575940618510868	0.7397
720575940618517440	0.4182
720575940618526912	0.5333
720575940618529044	0.1842
720575940618531099	0.3846
720575940618544367	0.6964
720575940618544623	0.3030
720575940618545903	0.4932
720575940618547280	0.5435
720575940618548975	0.1282
720575940618565313	0.3269
720575940618572422	0.1765
720575940618586459	0.8361
720575940618592390	0.0909
720575940618606160	0.2698
720575940618612928	0.3243
720575940618626102	1.0000
720575940618627207	0.2364
720575940618630193	0.3158
720575940618657334	0.0000
720575940618657950	0.4818
720575940618659998	0.2500
720575940618667143	0.4674
720575940618671495	0.0000
720575940618678548	0.2429
720575940618683328	0.5821
720575940618691742	0.1333
720575940618696896	0.4875
720575940618700573	0.7500
720575940618707183	0.5806
720575940618714351	0.4324
720575940618722475	0.3514
720575940618731934	0.2072
720575940618739621	0.3125
720575940618746747	0.3077
720575940618765528	0.7403
720575940618779118	0.4627
720575940618790966	0.6068
720575940618813019	0.5072
720575940618817182	1.0000
720575940618830459	0.2778
720575940618839942	0.6602
720575940618841910	0.2361
720575940618844353	0.0000
720575940618844465	0.6481
720575940618846001	1.0000
720575940618849841	0.3649
720575940618861504	0.2317
720575940618868273	0.4186
720575940618869406	0.2637
720575940618873723	0.5000
720575940618875819	1.0000
720575940618876062	0.3625
720575940618876075	0.0000
720575940618886336	0.8387
720575940618887151	0.4262
720575940618889387	0.4219
720575940618894246	0.8113
720575940618894502	0.3542
720575940618894528	0.0000
720575940618905766	0.1702
720575940618924965	0.5385
720575940618926319	0.5495
720575940618963950	0.6176
720575940618975936	0.5000
720575940618980299	0.1746
720575940618989421	0.1111
720575940618992449	0.0000
720575940618992749	0.4844
720575940618994880	0.1750
720575940618997297	0.0000
720575940619003051	0.7130
720575940619008192	0.4231
720575940619010251	0.7521
720575940619021958	0.0000
720575940619026241	0.0000
720575940619028289	0.7077
720575940619031572	0.3659
720575940619036911	0.8200
720575940619038061	0.4615
720575940619041133	0.5606
720575940619054027	0.7188
720575940619055969	0.5179
720575940619060321	0.5106
720575940619078592	0.4783
720575940619090529	0.4583
720575940619090785	0.6759
720575940619105190	0.0000
720575940619112102	0.3684
720575940619119782	0.2535
720575940619143590	0.5902
720575940619146837	0.3889
720575940619147349	0.3191
720575940619148117	0.6783
720575940619152110	0.0000
720575940619153749	0.1842
720575940619154891	0.5625
720575940619155029	0.4405
720575940619155541	0.4948
720575940619156565	0.5281
720575940619173568	1.0000
720575940619197899	0.8281
720575940619205103	0.5000
720575940619205229	0.2143
720575940619221569	0.7551
720575940619226607	0.7162
720575940619229761	0.6915
720575940619242081	0.2449
720575940619245121	0.1789
720575940619245648	0.2871
720575940619247713	0.5234
720575940619249318	0.5833
720575940619250785	0.3976
720575940619254448	0.5385
720575940619259374	0.3478
720575940619259477	0.3165
720575940619259886	0.3333
720575940619260737	0.5663
720575940619271384	0.5263
720575940619272920	1.0000
720575940619274456	0.3000
720575940619294384	0.4318
720575940619297073	0.7642
720575940619298865	0.4567
720575940619305808	0.2875
720575940619311286	0.4535
720575940619319512	0.6182
720575940619329360	0.5507
720575940619336942	0.6571
720575940619353766	0.2097
720575940619354417	0.4737
720575940619355185	0.5686
720575940619357275	0.5000
720575940619358001	0.5802
720575940619358257	0.0900
720575940619369198	0.0152
720575940619375701	0.2419
720575940619382833	0.5867
720575940619382875	0.7333
720575940619404214	0.6140
720575940619404982	0.5000
720575940619412596	0.4896
720575940619414132	0.6700
720575940619421505	0.1895
720575940619423398	0.5507
720575940619430326	0.3933
720575940619434887	0.1765
720575940619435399	0.5312
720575940619439792	0.7573
720575940619443376	0.3535
720575940619444139	0.3148
720575940619463088	0.0000
720575940619465904	0.3262
720575940619466416	0.2100
720575940619472225	0.0000
720575940619477809	0.4719
720575940619487414	0.1618
720575940619495664	0.1429
720575940619509744	0.2045
720575940619509925	0.1560
720575940619516144	0.2250
720575940619519909	0.5890
720575940619527845	0.9167
720575940619535563	0.0741
720575940619556437	0.0000
720575940619587009	0.2063
720575940619597761	0.7895
720575940619599213	0.1154
720575940619604134	0.7407
720575940619616193	0.8293
720575940619630207	0.3939
720575940619637845	0.5926
720575940619640149	0.0000
720575940619649109	0.4776
720575940619651019	0.0000
720575940619652555	0.7302
720575940619658433	0.5593
720575940619659969	0.3714
720575940619665023	0.2063
720575940619667041	0.5000
720575940619668053	0.4400
720575940619668212	0.2394
720575940619668577	0.3607
720575940619672656	0.4118
720575940619673936	0.0000
720575940619682625	0.1739
720575940619684299	0.0000
720575940619688385	0.4737
720575940619693003	0.4286
720575940619695553	0.5747
720575940619695809	0.2075
720575940619696660	0.0000
720575940619701631	0.8475
720575940619704656	0.0000
720575940619705983	0.0000
720575940619713200	0.5062
720575940619723088	0.4651
720575940619723979	0.5875
720575940619731392	0.6324
720575940619734720	0.7826
720575940619738239	0.5357
720575940619742144	0.3261
720575940619742656	0.3718
720575940619743680	0.6000
720575940619744960	0.6400
720575940619754734	0.7857
720575940619756148	0.2778
720575940619766613	0.3462
720575940619770228	0.5844
720575940619774635	0.7714
720575940619777520	0.3434
720575940619778645	0.4423
720575940619781620	0.8305
720575940619793012	0.3913
720575940619794512	0.3158
720575940619795883	0.0000
720575940619802539	0.4737
720575940619808756	0.4545
720575940619809263	0.0097
720575940619828359	0.8182
720575940619834965	0.8447
720575940619835733	0.3333
720575940619842580	0.2500
720575940619855696	0.1496
720575940619856822	0.6418
720575940619863174	0.2909
720575940619864912	0.5217
720575940619872372	0.0135
720575940619876702	0.4762
720575940619895329	0.0000
720575940619896581	0.2333
720575940619898759	0.3902
720575940619899527	0.9434
720575940619901063	0.1538
720575940619902343	0.1392
720575940619916720	0.0000
720575940619936639	1.0000
720575940619938998	0.6197
720575940619946846	0.5484
720575940619954091	0.7544
720575940619960926	0.0000
720575940619964916	0.3103
720575940619965684	0.2203
720575940619967879	0.1111
720575940619968647	1.0000
720575940619970586	0.2405
720575940619971009	0.4545
720575940619974689	0.2000
720575940619977566	0.2929
720575940619978266	0.4588
720575940619985140	0.1557
720575940619994759	0.5053
720575940620004129	1.0000
720575940620007457	0.1875
720575940620012321	0.1159
720575940620020257	0.3214
720575940620020769	0.7368
720575940620029575	0.2188
720575940620036385	0.7778
720575940620039589	0.7600
720575940620039956	0.1429
720575940620041125	0.0000
720575940620042375	0.2667
720575940620045061	0.5915
720575940620051580	0.0750
720575940620054277	0.5253
720575940620055790	0.2471
720575940620058236	0.7581
720575940620058350	0.2121
720575940620059045	0.3333
720575940620071094	0.2769
720575940620073606	0.4881
720575940620079856	0.3067
720575940620109191	0.6304
720575940620124028	0.7627
720575940620126076	0.0000
720575940620143525	0.7143
720575940620153876	0.4607
720575940620154206	0.1667
720575940620156692	0.9012
720575940620166128	0.5882
720575940620172272	0.2857
720575940620172397	0.6056
720575940620176237	0.6733
720575940620177517	0.2222
720575940620179309	0.2267
720575940620179821	0.3333
720575940620182399	0.1875
720575940620187305	0.2679
720575940620196336	0.0847
720575940620197658	0.3333
720575940620210854	0.0667
720575940620210857	0.3800
720575940620211622	0.3366
720575940620223398	0.6667
720575940620225264	0.0370
720575940620226470	0.3571
720575940620229729	0.5000
720575940620230497	0.3529
720575940620232363	0.7273
720575940620235968	0.2222
720575940620263233	0.2872
720575940620268123	0.0000
720575940620272064	1.0000
720575940620272832	0.5455
720575940620273023	0.7571
720575940620273279	0.0000
720575940620273344	0.3462
720575940620274497	0.2683
720575940620276801	0.7576
720575940620282758	0.4625
720575940620283227	0.5667
720575940620286558	0.4366
720575940620303040	0.5684
720575940620305499	0.6000
720575940620305502	0.2381
720575940620307806	0.0000
720575940620310625	0.2900
720575940620311430	0.1818
720575940620316766	0.2745
720575940620320380	0.3191
720575940620326336	1.0000
720575940620329152	1.0000
720575940620342768	0.0000
720575940620344837	0.3298
720575940620349376	0.3659
720575940620349564	0.1923
720575940620349632	0.2481
720575940620351838	0.4651
720575940620354241	0.1618
720575940620354849	0.4949
720575940620355009	0.2174
720575940620355934	0.0938
720575940620356800	0.1683
720575940620363691	0.3684
720575940620363885	0.0000
720575940620373697	0.4000
720575940620378246	0.6339
720575940620378657	0.1515
720575940620382317	0.3200
720575940620382854	0.6111
720575940620393643	0.3109
720575940620401065	1.0000
720575940620403649	0.1757
720575940620407628	0.5000
720575940620410606	0.0000
720575940620411841	0.3115
720575940620413355	0.7407
720575940620418774	0.5625
720575940620420129	0.2400
720575940620422494	0.0000
720575940620424641	0.2838
720575940620425310	0.1970
720575940620429317	0.4231
720575940620434671	0.6515
720575940620436395	0.4366
720575940620440558	0.4198
720575940620440559	0.4359
720575940620442817	0.7792
720575940620442885	0.7273
720575940620451916	0.5946
720575940620454849	0.6344
720575940620457904	0.4937
720575940620460108	0.5231
720575940620463536	0.0000
720575940620464204	0.4507
720575940620465996	1.0000
720575940620469742	0.5217
720575940620472046	0.5867
720575940620474582	0.4375
720575940620475630	0.2069
720575940620495484	0.4714
720575940620495830	0.1818
720575940620500417	0.3750
720575940620507862	0.7778
720575940620520513	0.0000
720575940620521754	0.6667
720575940620530812	0.0000
720575940620537071	0.2388
720575940620537839	0.7541
720575940620544182	0.6290
720575940620551901	0.2500
720575940620567661	0.4870
720575940620572125	0.1233
720575940620577652	0.0000
720575940620578269	0.4167
720575940620588653	0.0000
720575940620589677	0.5769
720575940620591273	1.0000
720575940620594415	0.7386
720575940620600700	0.2963
720575940620603245	0.5352
720575940620607982	0.4615
720575940620608238	0.7640
720575940620611822	0.7541
720575940620612590	0.3558
720575940620623201	0.0000
720575940620623725	0.4130
720575940620632233	0.2537
720575940620649084	0.2558
720575940620652214	0.7568
720575940620653377	0.8642
720575940620655169	0.4394
720575940620659489	0.5248
720575940620682662	1.0000
720575940620682934	0.8333
720575940620684014	0.0000
720575940620684156	0.3725
720575940620685436	0.7297
720575940620686761	0.3548
720575940620691745	0.3684
720575940620713129	0.2759
720575940620734305	0.4521
720575940620737121	0.1122
720575940620741485	0.3636
720575940620746093	0.9107
720575940620746662	0.1343
720575940620754529	0.3467
720575940620759105	0.3556
720575940620767709	0.5410
720575940620774977	0.3333
720575940620775233	0.3429
720575940620779841	0.4020
720575940620811073	0.8800
720575940620811340	0.0000
720575940620813478	0.3684
720575940620816961	0.1373
720575940620822593	0.6364
720575940620823617	0.0548
720575940620827713	0.2576
720575940620828912	0.7957
720575940620831949	0.8778
720575940620834544	0.1818
720575940620850017	0.1655
720575940620862273	0.4423
720575940620880333	0.7647
720575940620883917	0.3333
720575940620889153	0.1429
720575940620889302	0.3457
720575940620892877	0.3976
720575940620904780	0.7867
720575940620905174	1.0000
720575940620923980	0.0000
720575940620929238	0.3208
720575940620931750	0.6465
720575940620932684	0.1905
720575940620936870	0.5882
720575940620936925	0.8636
720575940620948340	0.8214
720575940620955149	0.6373
720575940620955357	0.4000
720575940620955613	0.5814
720575940620956173	0.3261
720575940620959256	0.0952
720575940620973848	0.2879
720575940620996621	0.0000
720575940620998424	0.2642
720575940621000180	0.0000
720575940621005044	0.6296
720575940621010804	0.8649
720575940621017840	0.6316
720575940621017921	0.4655
720575940621019457	0.5882
720575940621022836	0.5000
720575940621023041	0.3077
720575940621023297	0.4194
720575940621023809	0.6429
720575940621044701	0.4896
720575940621051312	0.3676
720575940621051468	0.4107
720575940621056577	0.6196
720575940621071203	0.4343
720575940621073117	0.3529
720575940621076429	0.2500
720575940621083085	0.4535
720575940621086134	0.1837
720575940621087408	0.8049
720575940621090659	0.3662
720575940621094093	0.5054
720575940621094527	0.5000
720575940621097855	0.6404
720575940621121140	0.1905
720575940621121206	0.8068
720575940621122164	0.7174
720575940621129181	0.3000
720575940621146294	0.0000
720575940621149812	0.6800
720575940621162416	0.4930
720575940621163021	0.3529
720575940621163636	0.4531
720575940621167030	0.3404
720575940621174192	0.7935
720575940621174704	0.5882
720575940621174960	0.7870
720575940621175472	0.5789
720575940621176670	0.0000
720575940621178206	0.3810
720575940621179230	0.8889
720575940621183768	0.0213
720575940621187166	0.6174
720575940621189637	0.2923
720575940621202608	0.7750
720575940621203376	0.4805
720575940621207216	0.0303
720575940621225910	0.6250
720575940621228894	0.6429
720575940621230430	0.0943
720575940621236406	0.4493
720575940621250486	0.8077
720575940621259263	0.4133
720575940621259800	0.3243
720575940621280545	0.9091
720575940621280801	0.0112
720575940621288225	0.5152
720575940621290017	0.2754
720575940621296639	0.1277
720575940621312033	0.8052
720575940621317581	0.2000
720575940621321001	0.5054
720575940621321412	0.3929
720575940621322025	0.0000
720575940621322534	0.3696
720575940621332574	0.3108
720575940621334980	0.6508
720575940621348958	0.6571
720575940621351876	0.5882
720575940621357147	1.0000
720575940621358472	0.4400
720575940621358984	0.0532
720575940621359142	0.2500
720575940621376196	0.4359
720575940621382852	0.2625
720575940621388301	0.5000
720575940621389764	0.9844
720575940621392901	0.6429
720575940621400163	1.0000
720575940621403844	0.4762
720575940621413158	0.5789
720575940621413670	0.3478
720575940621413926	0.2308
720575940621415885	1.0000
720575940621419032	0.3962
720575940621422104	0.6535
720575940621444777	0.6618
720575940621444877	0.5577
720575940621447704	0.2632
720575940621457577	0.8642
720575940621462797	0.5556
720575940621471732	0.4407
720575940621475085	0.6818
720575940621477402	0.1644
720575940621487088	0.5714
720575940621491696	0.5075
720575940621504269	0.4603
720575940621507475	0.3936
720575940621513165	0.9868
720575940621516179	0.3939
720575940621518218	0.5636
720575940621521663	0.0000
720575940621529215	0.1930
720575940621529980	0.1884
720575940621538431	1.0000
720575940621541514	0.1507
720575940621541779	0.4783
720575940621545968	0.4273
720575940621549592	0.0000
720575940621552116	0.3529
720575940621552372	0.5412
720575940621553535	0.2323
720575940621554815	0.3125
720575940621554968	0.0000
720575940621557859	0.6761
720575940621560052	0.1881
720575940621561226	0.3667
720575940621561880	0.7500
720575940621567472	0.5410
720575940621574026	0.8471
720575940621581802	0.3857
720575940621590250	0.3363
720575940621594723	0.5714
720575940621612159	0.4500
720575940621614118	0.3571
720575940621616776	0.3333
720575940621626406	0.5139
720575940621646728	0.3750
720575940621648008	0.3366
720575940621650303	0.7544
720575940621660259	0.1364
720575940621661197	0.0000
720575940621680133	0.1607
720575940621688926	0.2933
720575940621692440	1.0000
720575940621700190	0.2500
720575940621708638	0.4783
720575940621709132	0.7010
720575940621716067	0.2105
720575940621720959	0.6190
720575940621728214	0.2870
720575940621728844	0.4821
720575940621729171	0.0000
720575940621730175	0.6707
720575940621730687	0.7051
720575940621736662	0.1169
720575940621741971	0.5211
720575940621749253	0.6111
720575940621763475	0.6667
720575940621763767	0.5492
720575940621764385	0.5758
720575940621767977	0.4634
720575940621784298	0.8193
720575940621784926	0.5942
720575940621786295	0.5077
720575940621786807	0.2812
720575940621791356	0.0000
720575940621802751	0.3158
720575940621807300	0.3247
720575940621809246	0.7627
720575940621812006	0.0000
720575940621817322	0.5802
720575940621829813	0.1339
720575940621832542	0.2200
720575940621837601	0.3077
720575940621845018	0.5341
720575940621851174	0.4853
720575940621853353	0.7000
720575940621857313	0.2917
720575940621862405	0.0893
720575940621863006	0.0000
720575940621864965	0.7216
720575940621869918	0.0789
720575940621871484	1.0000
720575940621872645	0.7231
720575940621873246	0.1236
720575940621876830	0.7374
720575940621878021	0.3019
720575940621879557	0.0000
720575940621880541	0.4891
720575940621880609	0.2000
720575940621882401	0.6447
720575940621885191	0.6857
720575940621887270	1.0000
720575940621888169	0.3628
720575940621892122	0.7155
720575940621892829	0.4672
720575940621897249	0.5800
720575940621906345	0.0000
720575940621912346	0.2679
720575940621913897	0.3243
720575940621919428	0.0000
720575940621920452	0.6163
720575940621920746	0.4835
720575940621920964	0.4699
720575940621922398	0.4545
720575940621922654	0.7453
720575940621922910	0.3468
720575940621924103	0.4444
720575940621924615	0.4045
720575940621925726	0.5366
720575940621935850	0.0800
720575940621943977	0.5500
720575940621944583	0.2375
720575940621947486	0.3684
720575940621948810	0.3500
720575940621951453	0.4286
720575940621952425	0.6071
720575940621957267	0.4091
720575940621966369	0.0000
720575940621966827	0.8481
720575940621973018	0.4068
720575940621973274	0.0159
720575940621983777	0.3538
720575940621987255	0.7857
720575940621999044	0.6377
720575940622005025	0.7262
720575940622006506	0.5152
720575940622013097	0.0000
720575940622013564	0.5429
720575940622015612	0.4476
720575940622023262	0.5205
720575940622043883	0.0000
720575940622045865	0.5980
720575940622050186	0.0635
720575940622054340	0.5065
720575940622058423	0.7397
720575940622060426	0.0000
720575940622061803	0.5362
720575940622064041	0.0390
720575940622064809	0.6220
720575940622067113	0.1707
720575940622075274	0.0244
720575940622078249	0.6066
720575940622095083	0.3462
720575940622096589	0.0190
720575940622102763	0.5875
720575940622103275	0.0000
720575940622112636	0.3462
720575940622116428	0.1667
720575940622121991	0.4211
720575940622133206	0.7288
720575940622135501	0.0000
720575940622145277	0.0000
720575940622147148	0.0465
720575940622149196	0.4921
720575940622162505	0.2069
720575940622163197	0.2571
720575940622169471	0.5285
720575940622191177	0.3429
720575940622202807	0.7349
720575940622204157	0.2000
720575940622204669	0.0000
720575940622210892	0.2727
720575940622216009	0.2500
720575940622217033	0.5524
720575940622222921	0.7917
720575940622225811	0.0000
720575940622227381	0.5843
720575940622228812	0.4605
720575940622229836	0.3538
720575940622232458	0.5532
720575940622233235	0.3158
720575940622245708	0.0000
720575940622249949	0.7581
720575940622263510	0.2574
720575940622263832	0.3429
720575940622269365	0.7903
720575940622270307	0.9583
720575940622270391	0.4783
720575940622272076	0.3556
720575940622275079	0.4737
720575940622276365	0.5341
720575940622278157	0.7672
720575940622279095	0.5172
720575940622288152	0.1538
720575940622293091	0.2222
720575940622294808	0.4434
720575940622295832	0.2000
720575940622302488	0.5000
720575940622305304	0.2468
720575940622307051	0.0435
720575940622307096	0.2211
720575940622321251	0.1471
720575940622335112	0.7500
720575940622339549	0.4286
720575940622348424	0.2889
720575940622350472	0.0000
720575940622353622	0.5833
720575940622387677	0.5455
720575940622392790	0.4057
720575940622398728	0.3521
720575940622402311	0.4231
720575940622403030	0.1026
720575940622428087	0.0000
720575940622439704	0.7778
720575940622451273	0.6789
720575940622462472	0.5854
720575940622467293	0.4643
720575940622474165	0.0000
720575940622501611	0.2547
720575940622516715	0.5614
720575940622528951	0.3684
720575940622538461	0.0000
720575940622542007	0.8527
720575940622542517	0.6122
720575940622548487	0.2027
720575940622549759	0.0000
720575940622557022	0.0000
720575940622558941	0.6533
720575940622559669	0.4677
720575940622565887	0.0625
720575940622594601	0.4722
720575940622595827	0.1667
720575940622606315	0.8611
720575940622621164	1.0000
720575940622628104	0.8571
720575940622629193	0.0864
720575940622633203	0.2000
720575940622637548	0.1404
720575940622637804	1.0000
720575940622641132	0.6829
720575940622646980	0.1724
720575940622647501	0.6333
720575940622654444	0.6471
720575940622666933	0.6842
720575940622669508	0.1505
720575940622670835	0.0000
720575940622671613	0.3738
720575940622673703	0.2500
720575940622694182	0.2568
720575940622697196	0.4048
720575940622698825	0.2500
720575940622703654	0.2299
720575940622722485	0.3636
720575940622723683	0.1895
720575940622727572	0.1772
720575940622732493	0.3333
720575940622735615	0.5854
720575940622737812	0.2424
720575940622742477	0.2019
720575940622748868	0.5968
720575940622768266	0.6667
720575940622768397	0.1613
720575940622771082	0.5143
720575940622771338	0.5275
720575940622773784	0.5000
720575940622781389	0.0000
720575940622784611	0.8302
720575940622800589	0.1812
720575940622800653	0.2264
720575940622803850	0.4571
720575940622812003	0.1875
720575940622812808	0.3871
720575940622813418	0.7368
720575940622815684	0.0278
720575940622816234	0.3125
720575940622820330	0.7155
720575940622820586	0.8525
720575940622821325	0.5222
720575940622822378	0.9000
720575940622830856	0.5263
720575940622836237	0.4706
720575940622837482	0.2000
720575940622838797	0.5238
720575940622839956	0.5513
720575940622844003	0.2083
720575940622844903	0.8525
720575940622855560	0.2676
720575940622857447	0.3205
720575940622857801	0.4000
720575940622861960	0.7059
720575940622861971	0.4444
720575940622864920	0.4583
720575940622865907	0.4022
720575940622878477	0.5789
720575940622879245	0.5385
720575940622879501	0.3387
720575940622881805	0.5632
720575940622882829	0.2000
720575940622886925	0.5795
720575940622888205	0.4706
720575940622888456	0.9038
720575940622889997	0.5610
720575940622890509	0.5217
720575940622891277	0.2340
720575940622894349	0.5541
720575940622906867	0.1860
720575940622920328	0.7778
720575940622926472	0.6190
720575940622928397	0.3182
720575940622930957	0.3538
720575940622932809	0.3710
720575940622938637	0.6429
720575940622944461	0.2951
720575940622948872	0.2500
720575940622949069	0.6724
720575940622965944	0.2131
720575940622972365	0.4384
720575940622972686	0.6452
720575940622976973	0.0000
720575940622979475	0.1111
720575940622981646	0.3667
720575940622981902	0.2535
720575940622993800	0.4950
720575940622995080	0.0000
720575940622996104	0.1471
720575940622996360	0.5682
720575940622998920	0.0652
720575940622999944	0.5714
720575940623002087	0.2551
720575940623003016	0.6923
720575940623003917	0.4925
720575940623004429	0.3605
720575940623004685	0.7532
720575940623008440	0.6441
720575940623009416	0.4571
720575940623009549	0.4286
720575940623010253	0.6197
720575940623011720	0.4404
720575940623014328	0.0000
720575940623015694	0.2308
720575940623016644	0.6538
720575940623018986	0.7241
720575940623023544	0.8312
720575940623030015	0.6667
720575940623032004	0.5263
720575940623032781	0.4583
720575940623032970	0.0667
720575940623036415	1.0000
720575940623036903	1.0000
720575940623041772	0.3793
720575940623047660	0.8611
720575940623059080	0.1279
720575940623066406	0.7391
720575940623067114	0.4603
720575940623067942	0.6304
720575940623068308	0.5532
720575940623095276	0.7805
720575940623099943	0.2059
720575940623102396	0.2931
720575940623103487	0.2740
720575940623105023	0.4158
720575940623111463	0.1832
720575940623116012	0.6333
720575940623116585	0.1786
720575940623119871	0.0682
720575940623128359	0.2917
720575940623129087	0.2778
720575940623131433	0.9091
720575940623136499	1.0000
720575940623163844	0.7167
720575940623165636	0.6667
720575940623165737	0.5312
720575940623166471	0.6714
720575940623170055	0.0137
720575940623171268	0.8312
720575940623171847	0.7333
720575940623174953	0.1667
720575940623191334	0.4792
720575940623203012	0.3158
720575940623203767	0.4839
720575940623205303	0.5152
720575940623218666	0.1882
720575940623218687	0.6400
720575940623225284	0.5429
720575940623229927	0.0600
720575940623231428	0.0000
720575940623244180	0.2222
720575940623252164	0.2778
720575940623253994	0.5200
720575940623280522	0.1818
720575940623289831	0.4921
720575940623314871	1.0000
720575940623315347	0.2535
720575940623321226	0.3827
720575940623331210	0.6667
720575940623331475	0.4426
720575940623344821	0.6186
720575940623351443	0.0000
720575940623353013	0.6000
720575940623356493	0.5904
720575940623358645	0.3814
720575940623365045	0.9333
720575940623368644	0.2308
720575940623368940	0.4194
720575940623369412	0.2949
720575940623369668	0.4510
720575940623370180	0.6047
720575940623377555	0.0000
720575940623379091	0.1899
720575940623386506	0.1529
720575940623386762	0.1928
720575940623390186	0.5366
720575940623393038	0.7642
720575940623396093	0.5268
720575940623398397	0.1268
720575940623400189	1.0000
720575940623400445	0.3816
720575940623403773	0.6739
720575940623407850	0.1979
720575940623409959	0.8356
720575940623413898	0.5645
720575940623419389	0.2771
720575940623426633	0.1266
720575940623438571	0.5217
720575940623438665	0.5873
720575940623441387	0.4167
720575940623444203	0.5104
720575940623453991	0.4667
720575940623461134	0.1552
720575940623462072	0.5000
720575940623462328	0.9375
720575940623472201	0.8873
720575940623488270	0.9014
720575940623491069	0.5670
720575940623503111	0.5312
720575940623510762	0.3896
720575940623521806	0.2273
720575940623530474	0.5484
720575940623533645	0.3768
720575940623536205	0.7429
720575940623542972	0.8806
720575940623543303	0.3585
720575940623546638	0.5111
720575940623554748	0.0000
720575940623576909	0.4242
720575940623582904	0.5098
720575940623586999	0.6000
720575940623643832	0.5250
720575940623679495	0.3803
720575940623689148	0.2844
720575940623691920	0.8409
720575940623693064	1.0000
720575940623699207	0.6765
720575940623707656	0.3506
720575940623730509	0.5366
720575940623735310	0.5652
720575940623738807	0.0141
720575940623756215	0.3182
720575940623776437	0.6500
720575940623781965	0.6557
720575940623786421	0.6282
720575940623808693	0.1724
720575940623810487	0.5417
720575940623822261	0.6923
720575940623825077	0.7477
720575940623878327	0.0000
720575940623879312	0.3333
720575940623881801	0.5217
720575940623881872	1.0000
720575940623890890	0.5437
720575940623904181	0.2857
720575940623914679	0.2273
720575940623914954	0.5604
720575940623927444	0.1622
720575940623934100	0.0000
720575940623934903	0.2909
720575940623935159	0.1852
720575940623943316	0.0794
720575940623943572	0.4516
720575940623946988	0.0238
720575940623947500	1.0000
720575940623948617	0.5747
720575940623959881	0.6957
720575940623962516	0.9434
720575940623964820	0.3443
720575940623965513	0.0000
720575940623966612	0.5581
720575940623969684	0.3780
720575940623971819	0.6667
720575940623972756	0.7284
720575940623976521	0.6711
720575940623978789	0.2500
720575940623981385	0.5231
720575940623985189	0.5143
720575940623986469	0.5417
720575940623991333	0.3929
720575940623994701	0.2121
720575940624006477	0.1698
720575940624010569	0.5135
720575940624013309	0.5102
720575940624014077	0.2209
720575940624021483	0.4545
720575940624024555	0.6018
720575940624032264	0.5402
720575940624036339	0.7475
720575940624036656	0.7273
720575940624041447	0.5119
720575940624041545	0.6438
720575940624044873	0.4717
720575940624046153	0.1034
720575940624049661	0.3519
720575940624054675	0.5238
720575940624060048	0.8136
720575940624060208	0.7037
720575940624085739	0.7470
720575940624086251	0.0000
720575940624096039	0.5455
720575940624107706	0.4500
720575940624112058	0.8841
720575940624114494	0.4776
720575940624125114	0.4386
720575940624125584	0.3729
720575940624125626	0.6477
720575940624144107	0.4305
720575940624147976	0.7636
720575940624149256	0.2000
720575940624152357	0.2778
720575940624154632	0.5893
720575940624157675	0.6000
720575940624158352	0.4808
720575940624158650	0.3934
720575940624158906	0.6667
720575940624159376	0.0000
720575940624195559	0.3636
720575940624221488	0.5244
720575940624224526	0.1111
720575940624229322	0.4070
720575940624232974	0.5231
720575940624235448	0.1009
720575940624243388	0.7419
720575940624243982	0.5400
720575940624250160	0.8588
720575940624264462	0.3974
720575940624264718	0.5125
720575940624265572	0.6986
720575940624265998	0.6250
720575940624266936	0.1122
720575940624267022	0.6119
720575940624268080	0.5306
720575940624271716	0.4717
720575940624276784	0.5581
720575940624277040	0.5000
720575940624279527	0.8939
720575940624288520	0.2391
720575940624290539	0.3478
720575940624290855	0.6667
720575940624291728	0.6000
720575940624293048	0.2759
720575940624294072	0.5926
720575940624296376	0.0690
720575940624297278	0.5244
720575940624300984	0.3117
720575940624302008	1.0000
720575940624302520	0.7549
720575940624327196	0.1486
720575940624329146	0.2336
720575940624357413	0.5319
720575940624357669	0.5000
720575940624375088	0.9762
720575940624392220	0.0000
720575940624396524	0.4576
720575940624405228	0.2889
720575940624419820	0.5517
720575940624421148	0.2692
720575940624426533	0.4675
720575940624428019	0.4521
720575940624429036	0.1045
720575940624453868	0.2308
720575940624462228	0.2750
720575940624462740	0.0769
720575940624465900	1.0000
720575940624467812	0.0099
720575940624473444	0.2222
720575940624480148	0.3973
720575940624482452	0.3475
720575940624487572	0.2639
720575940624489620	0.4660
720575940624492802	0.1667
720575940624494373	0.1579
720575940624494996	0.5714
720575940624497959	0.1071
720575940624514535	0.2603
720575940624516339	1.0000
720575940624520254	0.6774
720575940624521022	0.2500
720575940624524234	0.3684
720575940624526266	0.8333
720575940624527091	0.4189
720575940624527340	0.3571
720575940624528314	0.4779
720575940624531948	0.3333
720575940624532979	0.2727
720575940624537836	0.0755
720575940624549646	0.2727
720575940624549694	0.0000
720575940624563075	0.5385
720575940624565788	0.1481
720575940624570917	0.8451
720575940624570957	0.4091
720575940624572052	0.2143
720575940624574922	0.0000
720575940624577613	0.5632
720575940624584579	0.7941
720575940624584835	0.6456
720575940624586900	0.3596
720575940624589548	0.0000
720575940624593132	0.7237
720575940624596355	0.1091
720575940624597228	0.1087
720575940624597788	0.4643
720575940624599444	0.3222
720575940624599939	0.4433
720575940624601236	0.1739
720575940624601731	0.0476
720575940624609101	0.7553
720575940624612839	0.5849
720575940624613050	0.0000
720575940624626563	0.4933
720575940624629948	0.5000
720575940624637884	0.0000
720575940624638396	0.3429
720575940624642492	0.2105
720575940624644739	0.1304
720575940624647299	0.3291
720575940624648067	0.6310
720575940624651507	0.3839
720575940624653299	0.8485
720575940624660313	0.5000
720575940624663427	0.5135
720575940624682426	0.3378
720575940624693287	0.4384
720575940624695335	0.7500
720575940624699918	0.2973
720575940624699981	0.5165
720575940624704002	0.7041
720575940624704551	0.3409
720575940624709925	1.0000
720575940624711655	0.6316
720575940624713660	0.4091
720575940624716581	0.5926
720575940624721084	0.5091
720575940624729528	0.2000
720575940624737464	0.3875
720575940624738232	0.3250
720575940624738830	0.8983
720575940624740878	0.6598
720575940624749258	0.4324
720575940624754983	0.6220
720575940624763850	0.6796
720575940624770574	0.2830
720575940624771879	0.4545
720575940624773182	0.2000
720575940624773646	1.0000
720575940624776206	0.1667
720575940624793272	0.6071
720575940624800188	0.3750
720575940624829198	1.0000
720575940624829479	0.4902
720575940624830503	0.3587
720575940624834968	0.5952
720575940624837927	0.6275
720575940624839257	0.2069
720575940624847491	0.8182
720575940624851726	0.4396
720575940624851864	0.3478
720575940624852120	0.6636
720575940624859032	0.3200
720575940624884920	0.2333
720575940624894052	0.0000
720575940624894308	0.4167
720575940624922256	0.5000
720575940624934800	0.5500
720575940624935182	0.7742
720575940624940558	0.4340
720575940624940814	0.3103
720575940624941326	0.2105
720575940624941838	0.0459
720575940624945666	0.4444
720575940624946446	0.4510
720575940624974010	0.2708
720575940624975760	0.6379
720575940624989214	0.5714
720575940624994941	0.0000
720575940625002526	0.4545
720575940625015070	0.4054
720575940625019481	0.2615
720575940625023869	0.1528
720575940625024125	0.2073
720575940625030233	0.8148
720575940625054589	0.2105
720575940625058173	0.6400
720575940625059917	0.4565
720575940625146882	0.0000
720575940625155877	0.6462
720575940625156901	0.3421
720575940625158437	0.6279
720575940625163139	0.5294
720575940625171289	0.7222
720575940625175845	0.4636
720575940625183309	0.3763
720575940625187586	0.7500
720575940625223690	0.6349
720575940625227978	0.6104
720575940625235033	1.0000
720575940625261834	0.7083
720575940625264659	0.2143
720575940625266057	0.0127
720575940625290003	0.3684
720575940625292606	0.5789
720575940625297304	0.0606
720575940625300254	0.7551
720575940625309882	0.7606
720575940625311418	0.3649
720575940625312186	0.6667
720575940625317139	0.0000
720575940625318163	0.2909
720575940625318531	0.2703
720575940625323326	0.1478
720575940625323795	0.3333
720575940625325630	0.1538
720575940625329029	0.9247
720575940625329726	0.4615
720575940625330494	0.5405
720575940625331006	0.7465
720575940625333822	0.0000
720575940625343640	0.6731
720575940625346023	0.4286
720575940625354904	0.6053
720575940625377688	0.4943
720575940625384752	0.5432
720575940625399077	0.5949
720575940625404197	0.5000
720575940625405072	0.5357
720575940625405744	0.2031
720575940625422090	0.5588
720575940625427210	0.3776
720575940625428093	0.6800
720575940625430302	0.0000
720575940625446181	0.1681
720575940625451920	0.7742
720575940625454640	0.2151
720575940625461534	1.0000
720575940625476708	0.5000
720575940625476964	0.3214
720575940625477150	0.1471
720575940625482084	0.5968
720575940625484602	0.4203
720575940625485181	0.5467
720575940625486692	0.5517
720575940625486948	0.2000
720575940625490788	0.3750
720575940625497488	0.2647
720575940625499153	0.3438
720575940625502608	0.0000
720575940625504868	0.1923
720575940625506704	0.8182
720575940625507888	0.0000
720575940625508400	0.6410
720575940625508733	0.2264
720575940625513616	0.1798
720575940625514621	0.7255
720575940625525912	0.4286
720575940625529477	0.0000
720575940625532689	0.2162
720575940625537822	0.4565
720575940625541168	0.5794
720575940625560189	0.8182
720575940625561374	0.7000
720575940625564816	0.6000
720575940625570334	0.7500
720575940625572240	0.4706
720575940625576080	0.7407
720575940625584688	0.4189
720575940625600048	0.0769
720575940625602608	0.2273
720575940625608329	0.7143
720575940625614224	0.3404
720575940625625136	0.4167
720575940625642340	0.2500
720575940625645968	0.1809
720575940625646876	0.2045
720575940625647114	0.8000
720575940625647882	0.0755
720575940625655088	0.2530
720575940625655464	0.5357
720575940625662778	0.5938
720575940625663674	0.3396
720575940625665149	0.6667
720575940625665564	0.3261
720575940625667365	0.4146
720575940625669660	0.5288
720575940625678613	0.5102
720575940625681171	0.8235
720575940625683740	0.1727
720575940625690140	0.4267
720575940625691669	0.6835
720575940625692560	0.4404
720575940625692816	0.3944
720575940625702949	0.5000
720575940625715733	0.2308
720575940625718696	0.3281
720575940625720341	0.3810
720575940625721866	1.0000
720575940625724072	0.2439
720575940625732496	0.2708
720575940625732745	0.5263
720575940625733413	0.6250
720575940625740169	0.7143
720575940625741455	0.7667
720575940625744466	0.7042
720575940625748510	0.4167
720575940625749586	0.2353
720575940625750671	0.1333
720575940625751117	0.6071
720575940625753621	0.3176
720575940625762447	0.6071
720575940625763601	0.2842
720575940625765306	0.5349
720575940625768073	0.3256
720575940625773605	0.3286
720575940625780648	0.9481
720575940625781009	0.5152
720575940625781029	0.0822
720575940625781541	0.5789
720575940625793317	0.2982
720575940625800741	0.3929
720575940625807108	0.5949
720575940625837060	0.1731
720575940625843075	0.0000
720575940625853477	0.7105
720575940625853989	0.1923
720575940625860026	0.6571
720575940625864964	0.1875
720575940625871741	0.3704
720575940625898780	0.3750
720575940625900900	0.1748
720575940625901002	0.5176
720575940625902282	0.4091
720575940625903626	1.0000
720575940625910354	0.8077
720575940625925458	0.4789
720575940625927626	0.3021
720575940625929790	0.7917
720575940625937173	0.1548
720575940625937797	1.0000
720575940625939801	0.4848
720575940625940456	0.0000
720575940625942458	0.5789
720575940625942590	0.2045
720575940625944266	0.4921
720575940625957800	0.3580
720575940625969640	0.3333
720575940625984399	0.4828
720575940625994728	0.5581
720575940626002494	0.4500
720575940626007102	0.1170
720575940626015294	0.0000
720575940626031493	0.8556
720575940626033838	0.5000
720575940626044924	0.7541
720575940626075079	0.2909
720575940626080868	0.7396
720575940626081176	0.3542
720575940626081636	0.5252
720575940626082148	0.5397
720575940626082404	0.2041
720575940626083940	0.3917
720575940626086244	0.3684
720575940626086728	0.2931
720575940626087780	0.6277
720575940626089980	0.2340
720575940626090340	0.5571
720575940626102628	0.4016
720575940626111175	1.0000
720575940626124743	0.2917
720575940626139413	0.6538
720575940626139560	0.8065
720575940626143570	0.5147
720575940626144680	0.2895
720575940626158692	0.1224
720575940626161154	0.3299
720575940626161551	0.4062
720575940626191108	0.5417
720575940626194716	0.7250
720575940626199324	0.7532
720575940626199580	0.8313
720575940626201512	0.3462
720575940626212625	0.5581
720575940626216317	0.6338
720575940626216573	0.2258
720575940626217341	0.3333
720575940626220574	0.6049
720575940626220830	0.4771
720575940626222609	0.0000
720575940626223633	0.0000
720575940626225173	0.6250
720575940626225941	0.2464
720575940626226690	0.4839
720575940626227202	0.2414
720575940626234626	0.2917
720575940626239236	0.4804
720575940626244348	0.3409
720575940626250568	0.4308
720575940626251778	0.7838
720575940626252273	0.8500
720575940626253318	0.6912
720575940626265084	0.7969
720575940626274822	0.5373
720575940626275656	0.4028
720575940626277382	0.7971
720575940626284157	0.3455
720575940626286878	0.1831
720575940626287644	0.5190
720575940626294090	0.6721
720575940626305679	0.3667
720575940626311623	0.6364
720575940626313546	1.0000
720575940626316802	0.5000
720575940626326952	0.4464
720575940626331978	0.5393
720575940626343665	0.4340
720575940626353905	0.7347
720575940626362696	0.5075
720575940626363791	0.6957
720575940626364401	0.0417
720575940626364956	0.2273
720575940626366748	0.2036
720575940626371842	0.6538
720575940626394609	1.0000
720575940626397565	0.2778
720575940626403400	0.5000
720575940626404776	0.1379
720575940626422659	0.6818
720575940626423171	0.4261
720575940626430339	0.7586
720575940626464901	0.5915
720575940626467836	0.6693
720575940626468629	0.3103
720575940626474889	0.6421
720575940626486409	0.2644
720575940626494663	0.2935
720575940626496275	0.2475
720575940626497811	0.8026
720575940626509830	0.5625
720575940626510211	0.8065
720575940626513027	0.2989
720575940626513171	0.3365
720575940626522184	0.7059
720575940626524691	0.2234
720575940626526218	0.1889
720575940626535434	0.5657
720575940626536714	0.2024
720575940626540042	0.6923
720575940626547817	0.4516
720575940626548234	0.1771
720575940626550504	0.6923
720575940626560857	0.7917
720575940626562665	0.6222
720575940626569112	0.7083
720575940626578161	0.4615
720575940626582842	0.3784
720575940626621498	0.7347
720575940626622480	0.5507
720575940626632837	0.2000
720575940626633960	0.0811
720575940626640158	1.0000
720575940626643944	0.3205
720575940626646544	0.9053
720575940626647960	0.5645
720575940626649433	1.0000
720575940626651288	0.3333
720575940626651624	0.2368
720575940626655321	0.7451
720575940626657808	0.8372
720575940626663440	0.2143
720575940626668165	0.3448
720575940626668304	0.5303
720575940626669957	0.6237
720575940626674584	0.3465
720575940626676120	0.6628
720575940626679385	0.5593
720575940626682654	0.3750
720575940626688893	0.3108
720575940626689176	0.3175
720575940626694479	0.7778
720575940626697802	0.3582
720575940626698377	0.6964
720575940626698633	0.5000
720575940626700889	0.6875
720575940626702232	0.7816
720575940626712921	0.5556
720575940626721874	0.5256
720575940626724946	0.6452
720575940626729515	0.3368
720575940626733693	0.4857
720575940626734436	0.6182
720575940626742866	0.8837
720575940626751833	0.0000
720575940626757209	0.6429
720575940626758489	0.5577
720575940626772357	1.0000
720575940626779398	0.7736
720575940626779722	0.3544
720575940626782218	0.7556
720575940626782507	0.9231
720575940626782845	0.3793
720575940626787313	1.0000
720575940626792209	0.5977
720575940626792778	0.7708
720575940626793502	0.4310
720575940626794027	0.5345
720575940626803279	1.0000
720575940626805520	0.5278
720575940626820395	1.0000
720575940626825853	1.0000
720575940626828574	0.4545
720575940626834762	0.1622
720575940626835728	1.0000
720575940626843773	0.1321
720575940626855171	0.0000
720575940626864414	0.3711
720575940626867742	0.2759
720575940626874097	0.0000
720575940626895442	0.3333
720575940626896643	0.0000
720575940626901278	0.0800
720575940626904561	0.3750
720575940626906142	0.2258
720575940626911262	0.4808
720575940626916126	0.3929
720575940626919409	0.1667
720575940626930186	0.4627
720575940626930947	0.2667
720575940626932501	0.4265
720575940626937347	0.2333
720575940626937630	1.0000
720575940626941205	0.3855
720575940626941446	0.5000
720575940626946033	0.3226
720575940626948485	0.1970
720575940626949909	0.4173
720575940626951921	0.2844
720575940626965002	0.6923
720575940626975899	0.2584
720575940626991771	0.4688
720575940626993001	0.0000
720575940626999114	0.4646
720575940626999882	0.2800
720575940627003547	0.0000
720575940627015942	0.5400
720575940627016859	0.4528
720575940627018383	0.1750
720575940627020933	0.4304
720575940627021128	0.4457
720575940627022664	0.0000
720575940627025039	0.3571
720575940627043666	1.0000
720575940627044337	1.0000
720575940627045636	0.4286
720575940627045642	0.5526
720575940627054725	0.1525
720575940627059460	0.6429
720575940627069203	0.6667
720575940627073448	0.4062
720575940627075407	0.1250
720575940627077032	0.4343
720575940627079080	0.6000
720575940627079557	0.0000
720575940627081994	0.2857
720575940627082261	0.1429
720575940627082298	0.8684
720575940627082481	0.1692
720575940627086596	0.5487
720575940627089930	0.1053
720575940627094917	0.2632
720575940627097361	0.6774
720575940627097733	0.5556
720575940627101706	0.7500
720575940627103802	0.4127
720575940627112723	0.3418
720575940627138888	0.4301
720575940627147578	0.0000
720575940627150090	0.3458
720575940627153668	0.1600
720575940627153930	0.0000
720575940627155589	0.2447
720575940627157008	0.3571
720575940627158098	0.0000
720575940627158866	0.4630
720575940627164242	0.6136
720575940627165010	0.7778
720575940627166522	0.4353
720575940627170898	0.5789
720575940627172936	0.0769
720575940627173192	0.5882
720575940627174994	0.4483
720575940627185767	0.0897
720575940627194426	0.1884
720575940627197739	0.6471
720575940627198085	0.6180
720575940627200010	0.7059
720575940627200923	0.7027
720575940627202058	0.2000
720575940627205386	0.3438
720575940627210373	0.0000
720575940627211307	0.7059
720575940627220327	0.6379
720575940627226923	0.5699
720575940627230986	0.7931
720575940627235594	0.5476
720575940627236874	0.3750
720575940627243322	0.0926
720575940627243623	0.3261
720575940627244699	0.4423
720575940627245701	1.0000
720575940627252267	0.7500
720575940627264082	0.4118
720575940627264488	0.4800
720575940627276114	0.6049
720575940627278235	0.2800
720575940627282002	0.3068
720575940627282408	0.0000
720575940627284123	0.9286
720575940627292218	0.7456
720575940627295802	0.0667
720575940627298639	0.0000
720575940627307855	0.3056
720575940627309329	0.5172
720575940627332100	0.3846
720575940627336209	0.5000
720575940627342674	0.4375
720575940627343108	0.5714
720575940627343377	0.3302
720575940627351751	0.5893
720575940627353031	0.4245
720575940627360260	0.0000
720575940627367189	0.5179
720575940627372284	0.4643
720575940627377937	0.9344
720575940627389256	0.2661
720575940627426837	0.3077
720575940627429909	0.9091
720575940627435592	1.0000
720575940627441169	0.3966
720575940627449243	0.2710
720575940627450385	0.0000
720575940627479829	0.4154
720575940627480363	0.2000
720575940627480853	0.4744
720575940627483179	0.2500
720575940627483413	0.6707
720575940627483464	0.5000
720575940627491861	0.4861
720575940627492117	0.5455
720575940627493141	0.1786
720575940627493653	0.5660
720575940627519748	0.7391
720575940627534339	0.2727
720575940627543624	0.2947
720575940627543695	0.5667
720575940627546897	0.4779
720575940627547153	0.2468
720575940627550214	0.7656
720575940627552168	0.4386
720575940627552680	0.3370
720575940627553691	1.0000
720575940627558662	0.5306
720575940627559759	0.4938
720575940627561854	0.1556
720575940627564616	0.7333
720575940627568646	0.5726
720575940627571972	0.0000
720575940627572742	0.5904
720575940627573659	0.3667
720575940627573766	0.1346
720575940627575464	0.2718
720575940627576488	0.0000
720575940627581700	0.5873
720575940627584262	0.6833
720575940627585286	0.2609
720575940627587078	0.3816
720575940627588337	0.3371
720575940627588593	0.8462
720575940627595848	0.1263
720575940627598760	0.5455
720575940627612675	0.1098
720575940627615400	0.5493
720575940627621626	0.6588
720575940627626695	0.4364
720575940627628548	0.3881
720575940627630154	0.4416
720575940627660968	0.6887
720575940627667355	1.0000
720575940627687940	0.7889
720575940627700484	0.1163
720575940627709948	0.8108
720575940627717575	0.4286
720575940627741562	0.5873
720575940627750647	0.3279
720575940627768567	0.4032
720575940627775938	0.6111
720575940627776450	0.2759
720575940627778564	0.4583
720575940627782148	0.7576
720575940627801930	0.6538
720575940627802618	0.1609
720575940627804136	0.2727
720575940627808232	0.5341
720575940627834359	0.7412
720575940627834856	0.6818
720575940627849463	0.5362
720575940627851008	0.4898
720575940627854568	0.4909
720575940627857384	0.4578
720575940627859688	0.6250
720575940627861736	0.7397
720575940627869928	0.6667
720575940627902440	0.3226
720575940627905223	0.4328
720575940627906536	0.6154
720575940627908624	0.4237
720575940627910160	0.1212
720575940627912464	1.0000
720575940627912492	0.0000
720575940627915280	0.8101
720575940627920071	0.3103
720575940627924935	0.5385
720575940627930490	0.5224
720575940627931466	0.2759
720575940627932412	0.2222
720575940627935996	0.1681
720575940627936784	0.6381
720575940627941242	0.3846
720575940627947792	0.6774
720575940627958466	0.6463
720575940627960826	0.4087
720575940627964204	0.3125
720575940627969786	0.4928
720575940627985402	0.4045
720575940627986220	0.7931
720575940627987756	0.4146
720575940627988474	0.4462
720575940628002822	0.0000
720575940628012332	0.3519
720575940628054839	0.3333
720575940628055558	0.3095
720575940628056375	0.6809
720575940628060166	0.5556
720575940628060934	0.6957
720575940628060983	0.9184
720575940628071409	0.2963
720575940628072721	0.3962
720575940628076038	0.4444
720575940628079872	0.1607
720575940628084224	0.7683
720575940628085489	0.3488
720575940628095488	1.0000
720575940628103806	0.4800
720575940628107249	0.4242
720575940628107776	1.0000
720575940628115185	0.3966
720575940628119555	0.2951
720575940628120655	0.0625
720575940628121287	0.1700
720575940628128079	0.2043
720575940628134266	0.0000
720575940628134915	0.5610
720575940628137478	0.5658
720575940628137969	0.3469
720575940628138246	0.2308
720575940628145411	0.5256
720575940628147718	0.0000
720575940628152838	0.5373
720575940628155395	0.2232
720575940628163402	0.0000
720575940628175363	1.0000
720575940628186667	0.4324
720575940628188732	0.8000
720575940628201259	0.3667
720575940628209212	0.7867
720575940628217643	0.5591
720575940628217899	0.4954
720575940628218155	0.6250
720575940628219692	0.0874
720575940628225852	0.2750
720575940628226604	0.2558
720575940628238586	0.5116
720575940628239110	0.1628
720575940628239671	0.3333
720575940628240122	0.1587
720575940628245559	0.6034
720575940628254263	0.3016
720575940628257914	0.0000
720575940628265039	0.3153
720575940628269391	0.8194
720575940628269628	0.3214
720575940628270235	0.1203
720575940628291407	0.9365
720575940628295242	0.5283
720575940628297627	0.4127
720575940628300529	0.9506
720575940628301303	0.5362
720575940628304113	0.4810
720575940628304578	0.4314
720575940628306075	0.2571
720575940628308215	0.0000
720575940628309186	0.6197
720575940628312049	0.0000
720575940628318193	0.1339
720575940628330240	0.6667
720575940628331625	0.8750
720575940628350211	1.0000
720575940628353244	0.2771
720575940628355843	0.6207
720575940628359895	0.5285
720575940628363642	0.0000
720575940628365783	0.7705
720575940628367836	0.0000
720575940628374121	0.4286
720575940628375255	0.1538
720575940628376080	0.7164
720575940628394716	1.0000
720575940628398295	0.6429
720575940628400439	0.0000
720575940628400940	0.4062
720575940628404188	0.6000
720575940628406828	1.0000
720575940628408055	0.4167
720575940628411612	0.1500
720575940628412892	0.0000
720575940628413799	0.5568
720575940628414567	0.4237
720575940628415079	0.7647
720575940628424527	0.3902
720575940628431719	0.6832
720575940628432834	0.3871
720575940628433511	0.2143
720575940628447491	0.1385
720575940628471392	0.1143
720575940628476716	0.0000
720575940628484396	0.3670
720575940628491792	0.2703
720575940628495104	0.4353
720575940628506732	0.7000
720575940628519020	0.4390
720575940628531308	0.4098
720575940628533356	0.8906
720575940628536055	0.1905
720575940628538112	0.5725
720575940628538679	0.4107
720575940628554999	0.2500
720575940628557527	0.7681
720575940628561111	0.4773
720575940628569815	0.5570
720575940628574715	0.3125
720575940628581123	0.5108
720575940628582915	0.2400
720575940628590595	0.4375
720575940628593884	0.5441
720575940628599555	0.6310
720575940628608272	0.9333
720575940628610012	0.3860
720575940628612112	0.2500
720575940628640079	0.2462
720575940628641847	0.5357
720575940628644855	0.4194
720575940628651575	0.4894
720575940628651792	0.0000
720575940628675644	0.3500
720575940628684588	0.1398
720575940628685059	0.5072
720575940628685884	0.4634
720575940628687259	0.5441
720575940628689963	0.2278
720575940628694007	0.1692
720575940628694991	0.0833
720575940628695414	0.6914
720575940628697872	0.5342
720575940628697982	0.2584
720575940628708460	0.5238
720575940628711631	0.9851
720575940628714358	0.8947
720575940628716588	1.0000
720575940628724284	0.8000
720575940628725455	0.6364
720575940628732471	0.2477
720575940628735275	0.5402
720575940628741881	0.3243
720575940628755023	0.2532
720575940628761039	0.3425
720575940628766467	0.0833
720575940628766679	0.5341
720575940628773113	0.5205
720575940628773675	0.4836
720575940628777466	0.4500
720575940628777948	0.5192
720575940628787962	0.6104
720575940628788496	0.0000
720575940628798799	0.6140
720575940628800155	0.8125
720575940628802042	0.5192
720575940628806876	0.8000
720575940628807503	0.6071
720575940628808186	0.1605
720575940628817914	0.3333
720575940628818682	0.1519
720575940628826873	0.9091
720575940628829148	0.4154
720575940628830551	1.0000
720575940628842839	0.0000
720575940628843931	0.6812
720575940628844187	0.1852
720575940628863036	0.2537
720575940628868943	0.6818
720575940628876860	0.6800
720575940628885591	0.5476
720575940628887887	0.4107
720575940628888796	0.6094
720575940628894799	0.4429
720575940628895831	0.3462
720575940628901246	0.6557
720575940628902764	0.0563
720575940628906622	0.0000
720575940628915574	0.0723
720575940628917980	0.5000
720575940628920987	0.2883
720575940628924887	0.0000
720575940628937590	0.9859
720575940628975482	0.0000
720575940628983963	0.2927
720575940628999579	0.0000
720575940629010331	0.2000
720575940629020794	0.3091
720575940629022875	0.2925
720575940629029370	0.0000
720575940629031323	0.2093
720575940629036997	0.0000
720575940629059943	0.5227
720575940629067351	0.0513
720575940629072999	0.4184
720575940629074540	0.4112
720575940629079707	0.2588
720575940629088450	0.5821
720575940629108094	0.3548
720575940629119737	0.6413
720575940629127109	0.4722
720575940629127936	0.3636
720575940629129472	0.2821
720575940629132288	0.4423
720575940629133056	0.2750
720575940629140071	0.4286
720575940629141095	0.4286
720575940629141607	0.1053
720575940629148672	0.8657
720575940629162348	0.0417
720575940629162693	0.6712
720575940629164283	0.5200
720575940629166587	0.5172
720575940629166592	0.7937
720575940629172736	0.6607
720575940629200631	0.3125
720575940629201423	0.6667
720575940629201871	0.0759
720575940629202167	0.5263
720575940629211666	0.7206
720575940629222759	0.1700
720575940629233145	1.0000
720575940629236242	1.0000
720575940629240079	0.5288
720575940629254759	0.1915
720575940629259638	0.1579
720575940629260406	0.0000
720575940629261143	0.0000
720575940629261159	0.5741
720575940629263975	0.3820
720575940629270060	0.1000
720575940629271596	0.3947
720575940629277687	0.5114
720575940629282391	0.4444
720575940629291564	0.5385
720575940629292844	0.4082
720575940629294636	0.3889
720575940629295916	0.3095
720575940629296684	0.5942
720575940629298885	0.4211
720575940629299500	0.4526
720575940629300043	0.3382
720575940629303237	0.8095
720575940629304364	0.3750
720575940629318394	0.3750
720575940629322746	0.5172
720575940629328591	0.8000
720575940629332606	0.2963
720575940629335115	0.3253
720575940629338821	0.5385
720575940629342458	0.8161
720575940629347791	0.1923
720575940629356599	0.6143
720575940629365804	0.0000
720575940629388026	0.2062
720575940629388239	1.0000
720575940629397079	0.0588
720575940629406012	0.3951
720575940629417728	0.3867
720575940629438202	0.4720
720575940629445626	0.0000
720575940629445758	0.6129
720575940629456146	0.6040
720575940629471610	0.0000
720575940629474090	0.3051
720575940629477180	0.4505
720575940629477674	0.2500
720575940629477882	0.4091
720575940629481935	0.1489
720575940629482362	0.1111
720575940629483095	0.0000
720575940629485354	0.3556
720575940629489103	0.3333
720575940629492862	0.7018
720575940629494543	0.2626
720575940629498306	0.5968
720575940629499330	0.6545
720575940629500542	0.6076
720575940629502506	0.4615
720575940629504554	0.3750
720575940629507450	0.3563
720575940629509829	0.4030
720575940629515306	0.3077
720575940629522474	0.4186
720575940629529088	0.2973
720575940629532098	0.2692
720575940629532542	0.1429
720575940629532759	0.2692
720575940629535738	0.3300
720575940629536894	0.3778
720575940629541187	0.4375
720575940629545027	0.7231
720575940629557957	0.0000
720575940629563006	0.7089
720575940629578366	0.8824
720575940629601810	0.4495
720575940629611794	0.8043
720575940629620239	0.6889
720575940629621975	0.5476
720575940629624702	0.5581
720575940629625210	0.6265
720575940629625466	0.3333
720575940629631870	0.1441
720575940629632894	0.4714
720575940629633150	0.7615
720575940629633406	0.3462
720575940629638211	0.0196
720575940629644666	0.0556
720575940629663819	0.3684
720575940629669879	0.3011
720575940629671235	0.1522
720575940629671491	0.6111
720575940629675595	0.5000
720575940629676363	1.0000
720575940629693239	0.3846
720575940629694027	0.4742
720575940629717034	0.6949
720575940629723434	0.5942
720575940629723690	0.0000
720575940629724354	0.1212
720575940629725711	0.5484
720575940629730263	0.3708
720575940629733314	0.5692
720575940629734442	0.7101
720575940629735163	0.0000
720575940629746626	0.3607
720575940629765451	0.3026
720575940629765647	0.7143
720575940629782091	0.7917
720575940629787244	0.0000
720575940629788012	0.9818
720575940629788983	0.0000
720575940629789292	0.1746
720575940629792620	0.4324
720575940629804544	0.3258
720575940629804857	0.3483
720575940629814060	0.0000
720575940629823563	0.9167
720575940629824828	0.6140
720575940629832978	0.2358
720575940629834796	0.8721
720575940629839863	0.0000
720575940629842167	0.6283
720575940629849196	0.6162
720575940629853292	0.0510
720575940629854764	0.3415
720575940629855340	0.5273
720575940629855596	0.7612
720575940629856044	0.2857
720575940629863737	0.3559
720575940629871146	1.0000
720575940629878519	0.4286
720575940629888000	0.0000
720575940629893162	0.4348
720575940629894391	0.0000
720575940629895484	0.6667
720575940629899511	0.8318
720575940629899820	0.0000
720575940629909804	0.7128
720575940629909815	0.7312
720575940629911084	0.7045
720575940629916728	0.6321
720575940629916972	0.4062
720575940629917228	0.5326
720575940629917482	0.4528
720575940629921398	0.3611
720575940629921654	0.4756
720575940629922166	0.6866
720575940629942844	0.4536
720575940629949751	0.2000
720575940629951292	0.1364
720575940629952374	0.6990
720575940629955446	0.6667
720575940629960955	0.4815
720575940629966710	0.1127
720575940629967756	0.5833
720575940629971191	0.5694
720575940629973753	0.2000
720575940629978666	0.3475
720575940629979897	0.3659
720575940629984579	0.5842
720575940629997561	0.4533
720575940630011708	0.2439
720575940630023680	0.3793
720575940630025788	0.5735
720575940630026600	0.4565
720575940630026856	1.0000
720575940630036332	0.0000
720575940630038156	0.6724
720575940630039547	0.4831
720575940630044985	0.2793
720575940630047080	0.3429
720575940630049337	0.4487
720575940630060539	0.6786
720575940630063415	1.0000
720575940630063671	0.1915
720575940630063676	0.1772
720575940630067255	0.5238
720575940630067816	0.6667
720575940630067968	0.5326
720575940630078348	0.0000
720575940630094444	0.1042
720575940630109756	0.4730
720575940630114108	0.2632
720575940630139599	1.0000
720575940630146135	0.7593
720575940630159939	1.0000
720575940630166646	1.0000
720575940630170967	0.4245
720575940630176047	0.1692
720575940630179159	1.0000
720575940630180935	0.0714
720575940630188887	0.2016
720575940630189624	0.6500
720575940630189911	0.6102
720575940630192682	0.2667
720575940630193628	0.0846
720575940630219055	0.7073
720575940630219567	0.4505
720575940630222895	0.2500
720575940630228271	1.0000
720575940630250543	0.3377
720575940630251576	1.0000
720575940630265952	0.5632
720575940630269404	0.2766
720575940630269660	0.6842
720575940630272108	0.6321
720575940630288440	0.2963
720575940630290629	0.2653
720575940630296913	1.0000
720575940630299254	0.5618
720575940630300613	0.8571
720575940630312785	0.4639
720575940630323961	0.8421
720575940630332753	0.3529
720575940630336057	0.0000
720575940630351903	0.9200
720575940630360377	0.4038
720575940630371641	0.1477
720575940630372935	0.7143
720575940630385403	0.2857
720575940630392684	0.5278
720575940630394424	0.4416
720575940630399340	0.0000
720575940630399995	0.6111
720575940630403855	0.2750
720575940630411259	0.3929
720575940630411535	0.0000
720575940630413087	0.6389
720575940630414700	0.8167
720575940630415268	0.6463
720575940630417526	0.4762
720575940630418937	0.3505
720575940630419364	0.4270
720575940630419983	0.5158
720575940630420985	0.5319
720575940630425119	0.5556
720575940630427131	0.3723
720575940630428921	0.0000
720575940630430495	0.3077
720575940630432932	1.0000
720575940630436603	0.7111
720575940630440808	0.5467
720575940630443791	0.8525
720575940630448860	0.4375
720575940630450852	0.8000
720575940630452388	0.4946
720575940630452495	0.7699
720575940630456996	0.2632
720575940630461265	0.3846
720575940630464271	0.7846
720575940630465420	0.2532
720575940630467087	0.3333
720575940630469647	0.8738
720575940630471695	0.4019
720575940630475513	0.4023
720575940630477305	0.0444
720575940630488827	0.4615
720575940630493292	0.1970
720575940630496118	1.0000
720575940630497142	0.4414
720575940630499343	0.5000
720575940630511222	0.2137
720575940630512471	0.2222
720575940630519035	0.4615
720575940630521145	0.1613
720575940630525967	0.2029
720575940630533650	0.4792
720575940630537676	0.3333
720575940630547916	0.5205
720575940630555340	0.0303
720575940630559225	0.2381
720575940630560505	0.4310
720575940630561484	0.5333
720575940630571980	0.2222
720575940630573260	0.7258
720575940630592460	0.2706
720575940630598395	0.9545
720575940630612620	0.7536
720575940630613575	0.2609
720575940630613835	0.3731
720575940630616111	0.5507
720575940630617681	0.7451
720575940630620747	0.5667
720575940630620812	0.5470
720575940630634799	0.0000
720575940630650711	0.1930
720575940630651223	0.3235
720575940630668751	0.2778
720575940630671890	0.4250
720575940630675730	0.3684
720575940630679895	0.3433
720575940630682449	0.3226
720575940630682927	0.6136
720575940630687827	0.5342
720575940630696443	0.6901
720575940630715410	0.5046
720575940630722757	0.0000
720575940630726085	0.3725
720575940630731148	0.0000
720575940630733137	0.6701
720575940630748719	0.5172
720575940630751535	0.8182
720575940630754252	0.3000
720575940630759507	0.8286
720575940630764741	0.1690
720575940630767703	0.0000
720575940630769962	0.6230
720575940630780755	0.4634
720575940630786346	0.2841
720575940630789071	0.1300
720575940630792399	0.5652
720575940630793413	0.3125
720575940630823239	0.3571
720575940630833706	0.3956
720575940630848740	0.4124
720575940630849311	0.4167
720575940630853948	1.0000
720575940630862287	0.6857
720575940630868013	0.6852
720575940630868525	0.7500
720575940630877903	0.6190
720575940630878253	0.0000
720575940630879533	0.5625
720575940630881989	0.5532
720575940630902083	0.2712
720575940630906029	0.5634
720575940630906179	0.6125
720575940630906655	1.0000
720575940630917293	0.3906
720575940630917573	0.5294
720575940630920479	0.2344
720575940630926866	0.3571
720575940630935570	0.5517
720575940630936915	0.4912
720575940630947395	0.1636
720575940630961464	0.5682
720575940630966840	0.6667
720575940630969555	0.4028
720575940630972747	0.4219
720575940630983186	0.2667
720575940630987091	0.1000
720575940630999327	0.3194
720575940631002386	0.0196
720575940631003151	0.4382
720575940631003410	0.5952
720575940631017124	0.2407
720575940631017932	0.3902
720575940631019468	0.3125
720575940631024682	0.5281
720575940631024911	0.4035
720575940631027148	0.5263
720575940631034955	0.3485
720575940631035154	1.0000
720575940631036687	0.8148
720575940631041823	0.3636
720575940631043896	0.1011
720575940631048267	0.5345
720575940631054540	0.3036
720575940631056971	0.4667
720575940631057209	0.1583
720575940631062603	0.2660
720575940631088402	0.9016
720575940631089935	0.8769
720575940631100175	0.3214
720575940631106319	0.1803
720575940631108179	0.6703
720575940631141699	0.6500
720575940631154380	0.0000
720575940631167811	0.0000
720575940631177035	0.4217
720575940631186861	0.7222
720575940631203384	0.5948
720575940631216682	0.6941
720575940631237433	0.5000
720575940631256168	0.2143
720575940631262125	0.9877
720575940631272515	0.5000
720575940631275821	0.1852
720575940631292202	0.7407
720575940631295018	0.2734
720575940631302186	0.3968
720575940631305164	0.0000
720575940631307053	0.2542
720575940631336930	0.8111
720575940631342476	0.7031
720575940631351619	0.7500
720575940631360429	0.0800
720575940631379783	0.2917
720575940631387463	0.0000
720575940631387719	0.3511
720575940631388231	0.7647
720575940631388743	0.3761
720575940631399978	0.6667
720575940631403335	0.2078
720575940631406547	0.3636
720575940631408199	0.5102
720575940631408610	0.5102
720575940631425235	0.7184
720575940631432403	0.1053
720575940631434722	0.4565
720575940631435345	0.0804
720575940631447363	0.7105
720575940631448913	0.0000
720575940631453763	0.5412
720575940631453922	0.8393
720575940631458371	0.5082
720575940631470417	0.3288
720575940631471185	0.7778
720575940631483949	0.0661
720575940631485251	1.0000
720575940631498819	0.0000
720575940631499587	0.2537
720575940631502509	0.0263
720575940631531055	0.2222
720575940631549743	0.1395
720575940631553164	0.2414
720575940631555128	0.3030
720575940631562031	0.7195
720575940631565359	0.6486
720575940631571247	0.4333
720575940631573039	0.2812
720575940631575599	0.0000
720575940631575855	0.7115
720575940631576109	0.0851
720575940631584057	0.4500
720575940631587129	0.9855
720575940631587897	0.4257
720575940631589689	0.0377
720575940631594809	0.0000
720575940631601219	0.5135
720575940631603267	0.0000
720575940631603768	0.2466
720575940631620921	0.1304
720575940631621689	0.0933
720575940631624673	0.3276
720575940631624761	0.5490
720575940631625272	0.7179
720575940631626809	0.2062
720575940631627843	0.6667
720575940631630561	0.6935
720575940631647043	0.5263
720575940631650274	0.5909
720575940631650361	0.4773
720575940631655737	0.6133
720575940631661281	0.7143
720575940631662147	0.4234
720575940631665721	0.7113
720575940631666243	0.6761
720575940631667937	0.4262
720575940631678689	0.2759
720575940631686308	1.0000
720575940631687332	0.7241
720575940631687844	0.2239
720575940631694137	0.6500
720575940631701807	0.4767
720575940631713384	0.0217
720575940631716409	0.3562
720575940631718969	0.7143
720575940631731620	0.2391
720575940631732328	0.2857
720575940631741032	0.5714
720575940631741613	0.4060
720575940631754527	0.0820
720575940631756136	0.1546
720575940631759161	0.5211
720575940631761183	0.2568
720575940631761977	0.4382
720575940631763257	0.1205
720575940631764281	0.4375
720575940631767353	0.7321
720575940631769145	0.5593
720575940631774776	0.0000
720575940631775032	0.3333
720575940631777567	1.0000
720575940631782447	1.0000
720575940631782712	0.0000
720575940631791672	0.3488
720575940631792184	0.4412
720575940631792440	0.6667
720575940631798888	0.5778
720575940631801401	0.5510
720575940631801631	0.3846
720575940631827527	0.4524
720575940631835673	0.5781
720575940631840568	0.6429
720575940631842956	0.0179
720575940631868999	0.6154
720575940631875097	0.5057
720575940631879193	0.0000
720575940631880217	0.3729
720575940631919756	0.2742
720575940631926599	0.5068
720575940631934348	0.5185
720575940631943649	0.5362
720575940631957319	0.9857
720575940631964620	0.3436
720575940631975379	0.8065
720575940631991879	0.1167
720575940631994439	0.0000
720575940631998023	0.4301
720575940632001607	0.0000
720575940632003409	0.1220
720575940632006481	0.6512
720575940632010567	0.5283
720575940632019247	0.3400
720575940632030412	0.3500
720575940632031372	0.2258
720575940632034700	0.2571
720575940632060641	0.2529
720575940632068383	0.5610
720575940632077081	0.7794
720575940632077127	0.3902
720575940632078929	0.2286
720575940632081479	0.5618
720575940632086865	0.2188
720575940632098375	0.2308
720575940632105809	0.2632
720575940632111780	0.3750
720575940632114658	0.4667
720575940632115247	0.5000
720575940632123439	0.0000
720575940632123695	0.4865
720575940632135249	0.6667
720575940632144813	0.8846
720575940632149039	0.1613
720575940632164065	0.1739
720575940632164269	0.0597
720575940632169007	0.2258
720575940632172591	0.7703
720575940632172770	0.7347
720575940632173103	0.4493
720575940632177453	0.6615
720575940632179364	0.4328
720575940632195887	0.5155
720575940632197935	0.4898
720575940632203823	0.6508
720575940632210145	0.3750
720575940632229788	0.0625
720575940632233628	0.4805
720575940632241828	0.6092
720575940632273378	0.3509
720575940632306380	0.5625
720575940632335129	0.2568
720575940632336685	0.3115
720575940632338145	0.2500
720575940632342497	0.0000
720575940632347423	0.7619
720575940632351457	0.3200
720575940632353499	0.5946
720575940632357284	0.6064
720575940632357984	0.5833
720575940632358564	0.5224
720575940632362015	0.7204
720575940632364717	0.5190
720575940632370719	0.2308
720575940632371040	0.0000
720575940632371737	0.0526
720575940632377375	0.4590
720575940632407635	0.1468
720575940632433828	0.3452
720575940632434340	0.1928
720575940632437331	1.0000
720575940632447827	0.5310
720575940632465945	0.1154
720575940632473440	0.6897
720575940632481363	0.7647
720575940632495052	0.6250
720575940632510048	0.8214
720575940632528671	0.0000
720575940632529439	0.6667
720575940632530207	0.6923
720575940632531231	0.6019
720575940632532255	0.3333
720575940632532511	0.7123
720575940632536780	0.5556
720575940632552343	0.3373
720575940632558675	1.0000
720575940632582807	0.4559
720575940632583831	0.4561
720575940632584787	0.5102
720575940632585043	0.5238
720575940632592429	0.0000
720575940632617164	0.4203
720575940632635475	0.1163
720575940632651932	0.7067
720575940632652077	0.0000
720575940632668973	0.6812
720575940632696877	0.6667
720575940632704941	0.0000
720575940632715053	0.2642
720575940632718291	0.7869
720575940632725459	0.2308
720575940632728476	0.4286
720575940632734253	0.4375
720575940632735021	0.2647
720575940632736045	0.0000
720575940632737837	1.0000
720575940632738093	0.6154
720575940632745261	0.3226
720575940632758041	0.3077
720575940632804543	0.6111
720575940632805037	0.6210
720575940632813741	0.4468
720575940632835298	0.5224
720575940632835810	0.2712
720575940632848045	0.4167
720575940632849069	0.6620
720575940632873645	0.0000
720575940632904043	0.3182
720575940632915937	0.7215
720575940632917217	0.4412
720575940632919265	0.2771
720575940632925409	0.2473
720575940632927405	0.1647
720575940632928173	0.2475
720575940632929178	0.7736
720575940632929690	0.3889
720575940632930458	0.7174
720575940632932506	0.5844
720575940632932762	0.4906
720575940632940442	0.5938
720575940632946272	0.4805
720575940632950241	0.7778
720575940632951266	0.6944
720575940632963245	0.3611
720575940632964269	0.5161
720575940632964704	0.5275
720575940632980378	0.6986
720575940632988385	0.4359
720575940633004383	0.5075
720575940633021631	0.8725
720575940633023935	0.0000
720575940633032599	0.2857
720575940633034336	0.8125
720575940633040223	0.3333
720575940633043295	0.3143
720575940633056467	0.4225
720575940633073760	0.3281
720575940633074015	0.1250
720575940633075163	0.6742
720575940633093483	0.0556
720575940633102361	0.0824
720575940633123609	0.9833
720575940633140887	0.6000
720575940633142170	0.1818
720575940633146007	0.1552
720575940633146475	0.0000
720575940633155226	0.4638
720575940633186771	0.2593
720575940633188459	0.4639
720575940633210475	0.1549
720575940633212779	0.4111
720575940633215339	0.2254
720575940633219775	0.5263
720575940633224555	0.0000
720575940633231827	0.2840
720575940633243755	0.6200
720575940633247935	0.7821
720575940633271191	0.1250
720575940633289111	0.8636
720575940633300927	0.3918
720575940633301183	1.0000
720575940633312482	0.6533
720575940633323415	0.0769
720575940633323674	0.0154
720575940633333986	0.7288
720575940633336727	0.3077
720575940633402082	0.1507
720575940633416162	0.6863
720575940633422687	0.1186
720575940633466524	0.8421
720575940633493660	0.4211
720575940633496290	0.5472
720575940633509471	0.0000
720575940633516980	0.5634
720575940633521588	0.4086
720575940633551028	0.4773
720575940633551540	1.0000
720575940633552820	0.4605
720575940633560545	0.3103
720575940633565154	0.0000
720575940633566690	0.6923
720575940633569215	0.2740
720575940633569784	0.4390
720575940633570808	0.3750
720575940633572506	0.5818
720575940633575275	0.6471
720575940633580024	0.6292
720575940633596826	0.2784
720575940633622379	0.1786
720575940633659802	0.6421
720575940633673497	0.2784
720575940633674521	0.2957
720575940633676569	0.5273
720575940633679385	0.6145
720575940633691161	0.3714
720575940633710105	0.2521
720575940633732448	0.8800
720575940633742432	0.7681
720575940633748505	0.1579
720575940633750297	0.1770
720575940633754804	0.5068
720575940633755828	0.4651
720575940633763832	0.6154
720575940633771256	0.7018
720575940633773849	0.6250
720575940633785369	0.2353
720575940633799961	0.2847
720575940633802009	1.0000
720575940633808665	0.5889
720575940633813785	0.5111
720575940633830392	0.3137
720575940633851243	0.5455
720575940633904736	0.6923
720575940633907607	0.6417
720575940633908124	0.5977
720575940633908887	0.2386
720575940633911959	0.3895
720575940633932951	0.7600
720575940633934772	0.5072
720575940633989999	0.5067
720575940633996911	0.1130
720575940634000495	0.4576
720575940634001007	0.1014
720575940634004892	0.0000
720575940634012015	0.4375
720575940634018415	0.2143
720575940634032376	0.3793
720575940634045084	0.4711
720575940634071476	0.1653
720575940634072756	0.4211
720575940634078200	0.1250
720575940634107292	0.8824
720575940634117216	0.6901
720575940634131356	0.3770
720575940634141024	0.2883
720575940634146808	0.1250
720575940634154140	0.4468
720575940634163552	0.3200
720575940634195448	0.4231
720575940634199732	0.5333
720575940634209376	0.5938
720575940634231999	0.6000
720575940634235744	0.9787
720575940634236015	0.4533
720575940634244788	0.0000
720575940634294367	0.6912
720575940634296951	0.5263
720575940634347360	0.7273
720575940634351200	0.0000
720575940634362999	0.7333
720575940634377327	0.3452
720575940634384224	0.2960
720575940634429039	0.4844
720575940634430103	0.0000
720575940634442091	0.4688
720575940634455403	0.2162
720575940634463083	0.8333
720575940634464869	0.4800
720575940634468197	0.5051
720575940634469231	1.0000
720575940634507639	0.0147
720575940634510703	0.1795
720575940634546807	0.4286
720575940634607511	0.2100
720575940634608791	0.6324
720575940634609815	0.2742
720575940634638734	0.4713
720575940634638990	1.0000
720575940634640014	1.0000
720575940634661806	1.0000
720575940634678895	0.2439
720575940634701431	0.4434
720575940634706789	1.0000
720575940634709143	0.3860
720575940634743903	0.7083
720575940634759359	0.6667
720575940634799295	0.3171
720575940634800282	0.3881
720575940634800759	0.6296
720575940634808927	0.2985
720575940634811743	0.0992
720575940634836671	0.5211
720575940634839487	0.5357
720575940634839743	0.2034
720575940634839988	0.0000
720575940634842292	0.8158
720575940634845029	0.5526
720575940634849375	0.0000
720575940634849460	0.0000
720575940634858676	0.7556
720575940634867039	0.5513
720575940634868472	0.0000
720575940634878047	0.9412
720575940634890175	0.7755
720575940634903397	0.5833
720575940634914552	0.7759
720575940634916088	0.0000
720575940634920543	0.2763
720575940634923967	0.4706
720575940634935194	0.0000
720575940634937951	0.2973
720575940634939034	0.4545
720575940634939546	0.8864
720575940634942362	0.6182
720575940634948703	0.3191
720575940634951007	0.6170
720575940634953055	0.2655
720575940634954164	0.7288
720575940634959461	1.0000
720575940634967962	0.1806
720575940634968939	0.3889
720575940634975851	0.0000
720575940634977893	0.1463
720575940634989560	0.2885
720575940634992735	0.4250
720575940635006559	0.0864
720575940635012238	0.5294
720575940635016048	0.3714
720575940635033701	0.0476
720575940635035278	0.4348
720575940635075179	0.5769
720575940635110286	0.0000
720575940635144078	0.4853
720575940635150990	0.5676
720575940635153294	0.2222
720575940635213998	0.7260
720575940635286958	0.5526
720575940635288943	0.3165
720575940635291247	0.0290
720575940635309304	0.2621
720575940635353592	0.5119
720575940635361454	0.5000
720575940635386616	0.1938
720575940635397880	0.7917
720575940635415664	0.0000
720575940635422320	0.6000
720575940635425460	0.3400
720575940635452408	0.0000
720575940635465908	0.3396
720575940635471608	1.0000
720575940635489272	0.3421
720575940635493044	0.2979
720575940635498871	0.5682
720575940635499888	0.2500
720575940635509360	0.0000
720575940635537271	0.1034
720575940635538039	0.4182
720575940635538807	0.2714
720575940635541623	0.7260
720575940635614942	0.4219
720575940635628766	0.4167
720575940635656670	0.4343
720575940635659486	1.0000
720575940635668592	0.5301
720575940635670128	0.0353
720575940635717743	0.0000
720575940635719023	0.6250
720575940635753071	0.5455
720575940635800431	0.2857
720575940635803876	0.9091
720575940635807087	0.0000
720575940635841399	0.1780
720575940635850206	0.6912
720575940635883748	1.0000
720575940635884143	0.3699
720575940635884911	0.4507
720575940635899566	0.5000
720575940635900773	0.5769
720575940635908580	0.0000
720575940635920814	0.0000
720575940636023438	0.0000
720575940636045175	0.5000
720575940636048862	0.3846
720575940636059226	1.0000
720575940636069751	0.1333
720575940636092393	0.6102
720575940636114239	0.8636
720575940636134775	0.0000
720575940636135543	0.2237
720575940636135799	0.2533
720575940636136567	1.0000
720575940636143679	0.0000
720575940636146409	0.6607
720575940636159039	0.5600
720575940636159198	0.2456
720575940636168414	0.3333
720575940636171383	0.5422
720575940636171639	0.5276
720575940636224142	0.5385
720575940636230746	0.7841
720575940636242039	0.5833
720575940636246446	0.3125
720575940636272862	0.4675
720575940636291429	0.4071
720575940636291941	0.0000
720575940636294110	0.5610
720575940636297700	0.0000
720575940636302711	0.2941
720575940636306789	0.2879
720575940636316137	0.6719
720575940636323982	0.4792
720575940636325865	0.4206
720575940636335984	0.5472
720575940636352357	0.5227
720575940636353934	0.5424
720575940636356836	0.6222
720575940636364133	0.5267
720575940636375653	0.6071
720575940636381541	0.2391
720575940636422372	0.4048
720575940636426126	0.6111
720575940636430437	0.6970
720575940636431022	0.7234
720575940636447630	0.5976
720575940636488878	0.7600
720575940636490894	0.6989
720575940636508644	0.4194
720575940636510015	0.3256
720575940636519598	0.7273
720575940636528959	0.2340
720575940636539790	0.5845
720575940636547561	0.6854
720575940636551086	0.2500
720575940636553306	0.3846
720575940636553390	0.4918
720575940636553646	0.5676
720575940636560730	0.2174
720575940636561636	0.5256
720575940636561641	0.0000
720575940636562921	0.1545
720575940636579817	0.2609
720575940636605530	0.6522
720575940636640602	0.1739
720575940636665262	0.6957
720575940636675817	0.5556
720575940636676976	0.0094
720575940636677190	0.4479
720575940636685894	0.1333
720575940636695982	0.5763
720575940636698286	0.6477
720575940636698798	0.5638
720575940636769343	0.5493
720575940636841286	0.3625
720575940636848710	0.4177
720575940636851824	0.7586
720575940636877936	0.3684
720575940636898281	0.3396
720575940636909790	0.4884
720575940636920542	0.6842
720575940636946398	0.1818
720575940636991856	0.5333
720575940637050933	0.2292
720575940637055797	0.6667
720575940637112390	0.2727
720575940637118174	0.4250
720575940637124422	0.0000
720575940637143262	0.5842
720575940637148486	0.0000
720575940637164260	0.1961
720575940637169636	0.1081
720575940637169998	0.8209
720575940637171684	0.5690
720575940637184078	0.0741
720575940637186638	0.1111
720575940637190990	1.0000
720575940637211462	0.3286
720575940637222470	0.4400
720575940637225798	0.0000
720575940637255221	0.5465
720575940637256245	0.5185
720575940637277117	0.3462
720575940637315418	0.6596
720575940637316029	0.0000
720575940637320381	0.3725
720575940637333214	0.3250
720575940637335518	0.2941
720575940637339738	0.7500
720575940637352511	0.5288
720575940637372894	0.0294
720575940637389902	0.4268
720575940637395945	0.6486
720575940637402995	0.6261
720575940637404750	0.4951
720575940637407209	0.0105
720575940637412841	0.3902
720575940637434601	0.2268
720575940637446453	0.3947
720575940637446622	0.7188
720575940637465054	0.4444
720575940637487293	0.0000
720575940637508698	0.3056
720575940637508917	0.4000
720575940637509173	0.1667
720575940637509941	0.9714
720575940637518558	0.2870
720575940637526750	0.5172
720575940637535797	0.0000
720575940637580659	0.9062
720575940637584755	0.0000
720575940637594995	0.4800
720575940637595507	0.0000
720575940637618254	0.1765
720575940637619534	0.0000
720575940637667044	0.0000
720575940637683790	0.4110
720575940637685476	0.3407
720575940637695395	0.5000
720575940637704765	0.6429
720575940637707069	0.3580
720575940637714264	1.0000
720575940637725272	0.4737
720575940637726180	0.0612
720575940637733702	0.4941
720575940637737021	0.5000
720575940637740989	1.0000
720575940637746520	0.4603
720575940637754019	0.7297
720575940637756349	0.3294
720575940637769088	0.0595
720575940637773117	0.6000
720575940637774426	0.5278
720575940637784548	0.9054
720575940637788019	0.0000
720575940637788494	0.2800
720575940637804260	0.1967
720575940637810239	0.2909
720575940637822323	0.6875
720575940637826623	0.5349
720575940637835839	0.3382
720575940637846618	0.4369
720575940637849151	0.4149
720575940637869028	0.5818
720575940637869284	0.0000
720575940637870820	0.6667
720575940637890650	0.1452
720575940637898429	0.4419
720575940637907428	0.8525
720575940637913158	0.3095
720575940637920740	0.3465
720575940637932009	0.1727
720575940637945670	0.8485
720575940637946968	0.8407
720575940637949161	0.4609
720575940637953764	0.5093
720575940637954532	0.2712
720575940637964521	0.0189
720575940637964772	0.0566
720575940637965028	0.5000
720575940637970665	0.2973
720575940637970921	0.9796
720575940637973225	1.0000
720575940637999950	0.5000
720575940638013016	0.4222
720575940638034751	0.6533
720575940638053609	0.1765
720575940638053693	0.3279
720575940638053865	0.1154
720575940638143805	0.3986
720575940638161725	0.4211
720575940638168804	0.7656
720575940638179699	0.6667
720575940638185048	0.4156
720575940638195773	0.6889
720575940638208627	0.7273
720575940638228643	0.8723
720575940638270080	0.3562
720575940638391384	0.2500
720575940638436405	0.4510
720575940638444861	0.5758
720575940638445894	0.0000
720575940638446936	0.2143
720575940638447677	0.3679
720575940638467200	0.5977
720575940638467654	0.2500
720575940638468678	0.3261
720575940638469190	0.5625
720575940638469309	0.3438
720575940638472006	0.1818
720575940638474112	0.0000
720575940638480061	0.3226
720575940638492349	0.6211
720575940638496896	0.7262
720575940638531637	0.6786
720575940638535296	0.5765
720575940638561102	0.2258
720575940638567758	0.4479
720575940638578510	0.0000
720575940638592590	0.2803
720575940638593102	0.4796
720575940638626613	0.0323
720575940638662352	0.0000
720575940638691200	0.2973
720575940638724186	0.5063
720575940638878416	0.4800
720575940638888307	0.4752
720575940638903248	0.6786
720575940638925877	0.6154
720575940638936629	0.3548
720575940638936885	0.4236
720575940638960547	0.3960
720575940638962851	0.4706
720575940638963363	0.2796
720575940638963875	0.4474
720575940638964131	0.3727
720575940638975285	0.6094
720575940638990397	0.7576
720575940638992829	0.2353
720575940638993853	0.3556
720575940638995005	0.4474
720575940639018147	0.5294
720575940639020707	0.2121
720575940639022243	0.1379
720575940639022755	0.3371
720575940639023011	0.3704
720575940639032995	0.4580
720575940639043637	0.0000
720575940639053776	0.3200
720575940639056061	0.1236
720575940639057085	0.8617
720575940639057853	0.4091
720575940639058109	0.1165
720575940639069493	0.2742
720575940639071029	0.5106
720575940639071797	0.4105
720575940639078717	0.0000
720575940639090997	0.1200
720575940639096125	0.3008
720575940639099992	0.7727
720575940639100248	0.0068
720575940639100760	0.2208
720575940639116888	1.0000
720575940639117912	0.0000
720575940639118168	0.7467
720575940639124533	0.7544
720575940639126069	1.0000
720575940639126325	0.4845
720575940639127861	0.4000
720575940639128885	0.1667
720575940639157968	0.1667
720575940639158480	0.4375
720575940639172560	0.1667
720575940639188046	0.5455
720575940639197262	0.2195
720575940639212632	0.8305
720575940639240437	0.2154
720575940639258613	0.3218
720575940639267406	0.5429
720575940639274574	0.0000
720575940639278325	0.5000
720575940639286606	0.2281
720575940639309390	0.2500
720575940639309902	0.1562
720575940639328128	0.6696
720575940639328640	0.4839
720575940639381363	0.3617
720575940639409315	0.2667
720575940639417459	0.1700
720575940639421555	0.6125
720575940639441653	0.3333
720575940639483125	0.0000
720575940639497789	0.4571
720575940639506749	0.6379
720575940639515965	0.2034
720575940639534451	0.2963
720575940639534909	0.3077
720575940639543715	0.2857
720575940639554675	0.3372
720575940639588723	0.6600
720575940639593587	0.0263
720575940639624253	0.4776
720575940639684440	0.5455
720575940639684515	1.0000
720575940639686232	0.1944
720575940639686488	0.7595
720575940639688611	0.7321
720575940639726555	0.7979
720575940639727067	0.2209
720575940639727861	0.8000
720575940639728984	0.0000
720575940639730851	0.3797
720575940639733211	0.2771
720575940639749109	0.5464
720575940639836288	0.4097
720575940639846488	0.2561
720575940639859840	0.0000
720575940639860096	0.2933
720575940639868288	0.3404
720575940639881600	0.1077
720575940639889141	0.4462
720575940639903696	0.3968
720575940639905232	0.1944
720575940639911888	0.7831
720575940639964032	0.1453
720575940639974272	0.5556
720575940639979648	0.2812
720575940639980277	0.0000
720575940639986048	0.7778
720575940639988352	0.4713
720575940639989120	0.6339
720575940639996288	0.1786
720575940640006528	0.2381
720575940640115675	0.6364
720575940640242896	0.0702
720575940640276955	0.8488
720575940640292571	0.7458
720575940640340725	0.3676
720575940640401549	0.0918
720575940640414683	0.6301
720575940640451280	0.3821
720575940640451536	0.3590
720575940640468725	0.1333
720575940640487669	0.7273
720575940640566736	0.4000
720575940640646864	0.5776
720575940640688336	0.6750
720575940640688592	0.3684
720575940640735629	0.5000
720575940640756621	0.8219
720575940640758157	0.2449
720575940640856795	0.5111
720575940640877965	0.2857
720575940640883931	0.2034
720575940640905205	0.2656
720575940640923381	0.6792
720575940641015285	0.8115
720575940641065973	0.2791
720575940641066229	1.0000
720575940641079029	0.3704
720575940641084405	0.4487
720575940641355739	0.2105
720575940641358811	0.2979
720575940641360091	0.0571
720575940641362907	0.6765
720575940641536397	0.0926
720575940641743501	1.0000
720575940641866912	0.5323
720575940641889952	0.3231
720575940641936584	0.4118
720575940642010056	0.9333
720575940642022088	0.0000
720575940642071437	0.3243
720575940642089613	0.6897
720575940642106824	0.7000
720575940642108301	0.4091
720575940642162573	0.6000
720575940642193608	0.4954
720575940642328736	0.7500
720575940642338464	0.4600
720575940642347936	0.2597
720575940642383520	1.0000
720575940642624200	0.0000
720575940642638024	0.0125
720575940642663368	0.0741
720575940642708004	0.0000
720575940642926628	0.1562
720575940642948887	0.4842
720575940643055264	0.7200
720575940643063200	0.4308
720575940643128356	0.6310
720575940643129124	0.8289
720575940643163940	0.0185
720575940643266852	0.5806
720575940643281262	1.0000
720575940643287240	0.6818
720575940643380759	0.0000
720575940643398180	0.2048
720575940643404744	0.5312
720575940643406615	0.5652
720575940643417879	0.0000
720575940643418391	0.3803
720575940643424535	0.4146
720575940643448686	0.3619
720575940643473056	0.1176
720575940643495840	0.4182
720575940643497632	0.4706
720575940643501472	0.3913
720575940643504288	0.3636
720575940643516360	0.7333
720575940643544224	0.4123
720575940643547296	0.4167
720575940643623328	0.6901
720575940643657376	1.0000
720575940643696800	0.3125
720575940643824072	0.4262
720575940643830126	1.0000
720575940643919982	0.1538
720575940643973156	0.1287
720575940643977508	0.4592
720575940644136983	0.4583
720575940644145687	0.6613
720575940644153636	0.0000
720575940644156695	0.0000
720575940644157463	0.6000
720575940644170519	0.2975
720575940644238496	0.5833
720575940644423204	0.3103
720575940644448292	0.0110
720575940644472100	0.0000
720575940644479267	0.5273
720575940644490276	0.4444
720575940644541640	0.6190
720575940644554606	0.1375
720575940644583534	0.5506
720575940644587630	0.4235
720575940644592494	0.0147
720575940644598819	0.4062
720575940644607854	0.3696
720575940644609134	0.5000
720575940644644387	0.6429
720575940644710964	1.0000
720575940644747572	0.4912
720575940644759319	0.5161
720575940644800535	0.2791
720575940644805143	0.5143
720575940644837655	0.4231
720575940644843031	0.8448
720575940644892963	0.3281
720575940644940835	0.1351
720575940644974644	0.4286
720575940645059107	0.8750
720575940645089059	0.6018
720575940645139508	0.6471
720575940645186868	0.3026
720575940645209966	0.0000
720575940645210222	0.7692
720575940645220718	1.0000
720575940645221742	0.0833
720575940645226862	0.3182
720575940645236078	0.3571
720575940645248878	0.5352
720575940645277294	0.4835
720575940645303918	0.4091
720575940645334126	0.2857
720575940645344110	0.5421
720575940645377668	0.4068
720575940645385524	0.5000
720575940645386884	0.6207
720575940645390468	0.5714
720575940645450548	0.6964
720575940645544068	0.0000
720575940645577348	0.6786
720575940645682211	0.2432
720575940645714211	0.3866
720575940645714723	0.3529
720575940645747747	0.6176
720575940645759523	0.2990
720575940645819268	0.7667
720575940645828740	0.3375
720575940645858948	0.6667
720575940645993348	0.0714
720575940646034740	0.2973
720575940646229283	0.4884
720575940646250275	0.1792
720575940646262307	0.0000
720575940646263331	0.5974
720575940646289699	0.0000
720575940646290979	0.6667
720575940646308148	0.1053
720575940646346548	0.5682
720575940646354211	0.3380
720575940646419235	0.1739
720575940646598788	0.5395
720575940646602372	0.5479
720575940646604932	0.4592
720575940646606724	0.4375
720575940646609028	0.3333
720575940646646148	0.1605
720575940646667828	0.8438
720575940646682932	0.8125
720575940646697780	0.4510
720575940646773044	0.4719
720575940646783284	0.5370
720575940646789428	0.5568
720575940647153796	1.0000
720575940647242116	0.4483
720575940647714425	0.7363
720575940647739513	0.4851
720575940648139129	0.3839
720575940648205945	1.0000
720575940648235641	0.0000
720575940648246649	0.0000
720575940648276089	0.5429
720575940648993145	0.4909
720575940648995705	0.1935
720575940649008761	0.6034
720575940649012857	0.7260
720575940649020025	0.1552
720575940649020537	0.7463
720575940649022841	1.0000
720575940649024633	0.5841
720575940649228665	0.7200
720575940649501817	0.5278
720575940649536121	0.0000
720575940649536377	0.7500
720575940649622905	0.2917
720575940649649529	0.3800
720575940649650041	0.6923
720575940649652089	0.3936
720575940649682809	0.1020
720575940649691513	0.0000
720575940649691769	0.6333
720575940649692281	0.5921
720575940650260214	0.1538
720575940650270710	0.5479
720575940650519542	1.0000
720575940650740982	0.2500
720575940650760438	0.7778
720575940650786294	0.6377
720575940651629046	0.4800
720575940651816950	0.5301
720575940651864822	1.0000
720575940652035830	0.5889
720575940652109046	0.5729
720575940652200950	0.2368
720575940652211958	0.3810
720575940652311030	0.0000
720575940652342006	0.5900
720575940652403446	0.3976
720575940652703393	0.7188
720575940652784289	0.0000
720575940652799649	0.5000
720575940652809377	0.2308
720575940652822945	0.3684
720575940652837793	0.1600
720575940652875169	0.2917
720575940653078433	0.4945
720575940653276833	0.4400
720575940653313953	0.6105
720575940653332385	0.5000
720575940653339041	0.2692
720575940653351841	0.6061
720575940653460385	0.5900
720575940654129057	0.0000
720575940654483873	0.2727
720575940654491553	0.6134
720575940654606753	0.4265
720575940654643617	0.9487
720575940654647457	0.2857
720575940654675873	0.0000
720575940654752417	0.5484
720575940654805665	0.8000
720575940654808225	0.6000
720575940654810017	0.8088
720575940654810785	1.0000
720575940654879137	0.3871
720575940657869953	0.0000
720575940658101121	0.5882
720575940658321793	0.5474
720575940658489473	0.9753
720575940658497409	0.5568
720575940658726785	0.3333
720575940658795137	0.3690
720575940659297153	0.8219
720575940659301249	0.5890
720575940659314817	0.4235
720575940659316609	0.1089
720575940659323009	0.4946
720575940659323521	0.4961
720575940659392385	0.3095
720575940659536257	0.2727
720575940659577217	0.0000
720575940659754625	0.3521
720575940659763329	0.6176
720575940659765121	0.4950
720575940659780993	0.3810
720575940659850113	0.0000
720575940659879041	0.6301
720575940659940225	0.0667
720575940660047489	0.1111
